Screening for genera;Genera mentioned;Families;Orders;Geographic region;Comment;Beach meiofauna?;Beach_alejandro_opinion;UT
Sören;;;;;Can't find paper;maybe;no;wos:000216158300001
Jan;;;;Africa,South Africa;Not online;maybe;no;wos:a1991gr34700026
Sören;;;;South America,Brazil;Medical case study;no;no;wos:000071064100009
Sören;;;;Asia,Russia,Baikal;unavailaible;no;no;wos:000073352800002
Sören;;;;Asia,Japan;"Classes mentioned; gut content";no;no;wos:000078948700002
Sören;;;;South America,Chile;Macrofauna;no;no;wos:000085828800022
Sören;;;;Europe,Spain;Macrofauna (Cumaceae);no;no;wos:000087039800007
Sören;Sthenelais,Eurythoe,Ophiodromus,Ancistrosyllis,Sigambra,Langerhansia,Laeonereis,Neanthes,Platynereis,Glycinde,Goniada,Hemipodus,Diopatra,Marphysa,Nematonereis,Lumbrineris,Naineris,Spionidae,Prionospio,Scolelepis,Magelona,Cirriformia,Armandia,Capitellidae,Capitella,Capitomastus,Heteromastus,Mediomastus,Notomastus,Scyphoproctus,Owenia,Isolda,Terebellidae,Polycirrus,Branchiomma,Pseudobranchiomma,Megalomma,Tubifex,Pseudoeurythoe,Anaitides,Parandalia,Nereididae,Mooreonuphis,Dorvillea,Scoloplos,Boccardia,Dispio,Polydora,Poecilochaetus,Pectinaria,Loimia,Pista,Terebellides;Sigalionidae,Amphinomidae,Hesionidae,Pilargidae,Syllidae,Nereididae,Goniadidae,Glyceridae,Onuphidae,Eunicidae,Lumbrineridae,Orbiniidae,Spionidae,Magelonidae,Ophellidae,Capitellidae,Sabellidae,Oweniidae,Ampharetidae,Terebellidae,Tubificidae,Cirratulidae,Pectinariidae,Trichobranchidae,Phyllodocidae,Neredidae,Dorvilleidae;;South America,Brazil;"Annelids; Macrofauna";no;no;wos:000167458800006
Sören;Brycella,Cephalodella,Colurella,Dicranophorus,Elosa,Lecane,Lepadella,Monommata,Notommata,Proales,Rotaria,Trichocerca,Wierzejskiella;;;Europe,Poland;Freshwater Rotifers;yes;no;wos:000169620100023
Sören;Litopenaeus,Xiphopenaeus,Clibanarius,Pagurus,Alpheus,Petrolisthes,Callinectes,Charybdis,Lembos,Parapinnixa,Leucothoe,Pinnixa,Melita,Orchestia,Tiburonella,Alarconia,Kalliapseudes,Microphrys,Excirolana,Panopeus,Ogyrides,Upogebia,Hexapanopeus,Albunea,Eurypanopeus,Lepidopa,Micropanope,Emerita,Pilumnus,Menippe,Cyrtoplax,Eucratopsis,Dissodactylus,Uca,Pachygrapsus,Callichirus,Acanthosquilla,Cymadusa,Elasmopus,Parhyale,Grandidierella,Parhyalella;Majidae,Hippolytidae,Ogyrididae;Stomatopoda,Caridea;South America,Brazil;"Crustaceans; Macrofauna";no;no;wos:000170746300015
Sören;;;;South America,Chile;Macrofauna;no;no;wos:000173167700003
Sören;;;;Australia,Australia;"phyla or class level ID; gut content";yes;no;wos:000178478800004
Sören;;;;North America,USA;Macrofauna;no;no;wos:000179060000001
Sören;;;;Australia,New South Wales;Macrofauna;no;no;wos:000179145900004
Sören;;;;Africa,South Africa;Macrofauna;no;no;wos:000180512900013
Sören;Acomorpha,Brachionus,Bryceella,Cephalodella,Cephalode!la,Cephalndella,Collotheca,Colurella,Dicranophorus,Elosa,Encentrum,Euchlanis,Keratella,Lecane,Lepadella,Lindia,Lophocharis,Monommata,Myersinella,Mytilina,Notholca,Notommata,Notonzmata,Pompholyx,Proales,Proal,Scaridium,Synchaeta,Testudinella,Trichocerca,Trichotria,Wierzejskiella,Wigrella;;;Europe,Poland;Freshwater Rotifers;no;no;wos:000181793300001
Sören;;;;North America,USA;"Macrofauna; gut content";no;no;wos:000182851600021
Sören;;;Harpacticoida;Asia,Japan;"phylum or class level; gut content";no;no;wos:000184308800008
Sören;Laeonereis;;;South America,Brazil;Macrofauna;no;no;wos:000202961200043
Sören;Laeonereis,Scolelepis,Capitella,Heteromastus,Marphysa,Hemipodus,Sternaspis,Glycinde,Sigambra,Scoloplos,Isolda,Lumbrineris,Parandalia,Notomas,Prionospio,Owenia,Branchiomma,Armandia,Perinereis,Goniada,Diopatra,Magelona,Thary,Goniada,Megalomma,Aricidea,Naineris,Harmothoe,Sigambra,Podarke;;;South America,Brazil;"Macrofauna; Polychaetes";no;no;wos:000202961200050
Sören;;;;South America,Brazil;Macrofauna;no;no;wos:000202961200052
Sören;Excirolana,Euzonus,Mesodesma,Emerita,Donax,Hemipodus,Sigalion,Scolelepis,Phoxocephalopsis,Albunea,Mellita,Pitar,Buccinanops,Olivancillaria;;;South America,Brazil;Macrofauna;no;no;wos:000202961400131
Sören;;;;South America,Ecuador;Macrofauna;no;no;wos:000220600000003
Sören;Heteropsyllus,Nitocra,Schizopera;Aelosomatidae,Sphaeriidae;Microturbellaria,Acariformes,Harpacticoida;North America,USA;Mostly Freshwater;no;no;wos:000220858500011
Sören;Cephalodella,Collotheca,Colurella,Lecane,Lepadella,Trichocerca;;;Europe,Poland;Freshwater Rotifera;no;no;wos:000223852200012
Sören;Euzonus,Lobochesis;Opheliidae;;South America,Brazil;"Macrofauna; Polychaetes";no;no;wos:000224892800001
Sören;Metamysidopsis,Caligus,Olivella,Mazatlania,Palola,Scolelepis,Spionidae,Magelona,Calanoida,Sapphirina,Sapphiridae,Calanoida,Sapphirina,Stomatopoda,Nyctiphanes,Arenaeus,Bowmaniella,Metamysidopsis,Mysidopsis,Gnathiidae,Excirolana,Cirolana,Paracersis;Sapphiridae;Stomatopoda,Brachyura,Mysidacea,Amphipoda;South America,Ecuador;Macrofauna;no;no;wos:000225042200018
Sören;;;;Asia,Japan;"Gut content; phylum and class mentioned";no;no;wos:000227148500002
Sören;Chiridotea,Amphiporeia,Scolelepis,Neanthes,Emerita;Chaetiliidae;;North Amercia,USA,New Jersey;Macrofauna;no;no;wos:000228812900008
Sören;Polymerurus,Chaetonotus,Tetranchyroderma,Heterolepidoderma,Xenotrichula,Ichthydium,Musellifer;Chaetonotidae,Xenotrichulidae;Chaetonotida,Macrodasyida;Australia,Australia;Freshwater Gastrotrichs;no;no;wos:000230278300004
Sören;;;;Europe,Spain,Galicia;Macrofauna;no;no;wos:000232643700002
Sören;;;;Europe,Spain,Galicia;Macrofauna;no;no;wos:000235769700004
Sören;;;;Asia,Japan;"phyla or class level ID; gut content";no;no;wos:000237864900004
Sören;;;;Asia,Japan;No Meiofauna;no;no;wos:000238558300004
Sören;;;;Africa,Morocco;Macrofauna;no;no;wos:000239054300002
Sören;;;;Asia,Japan;Macrofauna;no;no;wos:000239322200018
Sören;;;;North America,USA,North Carolina;Macrofauna;no;no;wos:000241784500005
Sören;;;Harpacticoida;Europe,Latvia;Fish gut content;no;no;wos:000246762000015
Sören;;;;Europe,Italy,Ligurian Sea;Macrofauna;no;no;wos:000246912800002
Sören;Scolelepis,Eurydice,Eteone;Nereididae,Spionidae,Capitellidae,Chaetopteridae;;Europe,Belgium;"Nematoda; Macrofauna";no;no;wos:000247907900011
Sören;;;;Europe,Portugal,Algarve;Macrofauna;no;no;wos:000252795600011
Sören;;;;Europe,Spain;Macrofauna;no;no;wos:000253696500013
Sören;;;;Asia,Japan;Fish study;no;no;wos:000254776200001
Sören;;;Peracarida;Europe,Spain,Galicia;Macrofauna;no;no;wos:000256446800003
Sören;;;;Africa,Tunisia;Macrofauna;no;no;wos:000256446800008
Sören;Marenzelleria,Paraonis,Heteromastus,Leitoscoloplos,Spio,Glycera,Streblospio,Tharyx,Cerebratulus,Phyllodoce,Spiochaetopterus,Illyanassa,Pectinaria;;;North America,USA,Delaware;Mostly Macrofauna;no;no;wos:000258359700017
Sören;Metamysidopsis,Acartia,Calanoides,Calocalanus,Centropages,Ctenocalanus,Euchaeta,Labidocera,Notodiaptomus,Paracalanus,Parvocalanus,Pontellopsis,Pseudodiaptomus,Scolecithrix,Subeucalanus,Temora,Undinula,Halicyclops,Mesocyclops,Oithona,Macrosetella,Microsetella,Corycaeus,Oncaea,Sapphirina,Bosmina,Ceriodaphinia,Diaphanosoma,Evadnes,Moina,Moina,Penilia,Pleopis,Podon,Simocephalus;;Mysidacea,Calanoida,Cyclopoida,Harpacticoida,Poecilostomatoida,Cladocera,Aphagmophora;South America,Brazil;Mostly planctonic Copepoda;no;no;wos:000268742600003
Sören;;;;South America,Brazil;Macrofauna;no;no;wos:000268742600011
Sören;Skolithos,Thalassinoides,Chondrites,Nephthys,Nereis,Amphinome,Arenicolites,Diopatra,Oniphus,Balanoglossites,Heteromastus,Polykladichnus,Amphinome,Oniphus,Skolithos,Serpula,Scolopos,Cerebratulus;;;Asia,India;Mostly macrofaunal Polychaetes;no;no;wos:000269377000008
Sören;;;;Asia,South Korea;Macrofauna;no;no;wos:000272203100005
Sören;Kalliapseudes;;Tanaidacea,Peracarida;South America,Brazil;Macrofauna;no;no;wos:000272203600003
Sören;;;;Oceania,New Zealand;No meiofauna;no;no;wos:000273763300001
Sören;;;;Europe,Spain;No meiofauna;no;no;wos:000274386400016
Sören;;;;North America,USA;Macrofauna;no;no;wos:000278413100010
Sören;;;;Asia,Japan;Macrofauna;no;no;wos:000279389600010
Sören;;;;South America,Venezuela;Macrofauna;no;no;wos:000279511000016
Sören;Capitella;Capitellidae;;South America,Brazil;Macrofauna;no;no;wos:000280606600002
Sören;;;;South America,Brazil;"Gut content; phylum and class mentioned";no;no;wos:000280606600005
Sören;;;;Asia,Japan;No meiofauna;no;no;wos:000283107000013
Sören;;;;South America,Uruguay;Trophic models;no;no;wos:000283980500003
Sören;;;;Africa,South Africa;Fish gut content;no;no;wos:000284002100012
Sören;;;;South America,Brazil;No meiofauna;no;no;wos:000287291100003
Sören;;;;Asia,Japan;Fish gut content;no;no;wos:000290677400004
Sören;;;;South America,Brazil;No Meiofauna;no;no;wos:000292890400002
Sören;;;;Europe,Ireland;"Fish gut content; phyla or class level ID";no;no;wos:000298014800015
Sören;;;;Asia,Japan;Fish gut content;no;no;wos:000299038500013
Sören;;;;South America,Brazil;Macrofauna;no;no;wos:000302950800009
Sören;;;;South America,Brazil;Algae;no;no;wos:000306266300025
Sören;;;;South America,Uruguay;Macrofauna;no;no;wos:000306461800091
Sören;Scolelepis;Spionidae;;North America,USA,Alaska;Macrofauna;no;no;wos:000308331600003
Sören;;;;Africa,Tunisia;;no;no;wos:000310064900001
Sören;;;;Europe,Netherlands;Macrofauna;no;no;wos:000311066800017
Sören;;;;North America,USA;Macrofauna;no;no;wos:000313800400004
Sören;;;;Europe,Belgium;Macrofauna;no;no;wos:000315007300002
Sören;;;;South America,Brazil;Macrofauna;no;no;wos:000320005400008
Sören;;;;Europe,Spain;Macrofauna;no;no;wos:000320420800007
Sören;;Ectinosomatidae;Harpacticoida;Asia,Japan;Fish gut content;no;no;wos:000320791000004
Sören;;;;Asia,Iran;Macrofauna;no;no;wos:000323556400013
Sören;;;;North America,USA;Macrofauna;no;no;wos:000324665300008
Sören;;;;Review;Macrofauna;no;no;wos:000325553900001
Sören;;;;South America,Venezuela;Macrofauna;no;no;wos:000325667100003
Sören;;;;;Macrofauna;no;no;wos:000327916900016
Sören;;;;;Macrofauna;no;no;wos:000337259100052
Sören;;;;;Macrofauna;no;no;wos:000337295700003
Sören;;;;;Macrofauna;no;no;wos:000341168300001
Sören;;;;;Macrofauna;no;no;wos:000345613300004
Sören;;;;;Macrofauna;no;no;wos:000346221000011
Sören;;;;;Macrofauna;no;no;wos:000346221000016
Sören;;;;;Macrofauna;no;no;wos:000346221000019
Sören;;;;;Macrofauna;no;no;wos:000347317100004
Sören;;;;;Macrofauna;no;no;wos:000348308300013
Sören;;;;;Macrofauna;no;no;wos:000351973100022
Sören;;;;;No meiofauna;no;no;wos:000356545300001
Sören;;;;;Not Meiofauna;no;no;wos:000357749700004
Sören;;;;;Macrofauna;no;no;wos:000358729600006
Sören;;;;;Macrofauna;no;no;wos:000361495800013
Sören;;;;;Not Meiofauna;no;no;wos:000362619400004
Sören;;;;;Not Meiofauna;no;no;wos:000363710200002
Sören;;;;;Macrofauna;no;no;wos:000364260600015
Sören;;;;;Macrofauna;no;no;wos:000366443300028
Sören;;;;;Macrofauna;no;no;wos:000367380000005
Sören;;;;;Macrofauna;no;no;wos:000375630700008
Sören;Acartia,Calanopia,Centropages,Paracalanus,Parvocalanus,Pseudodiaptomus,Temora,Corycaeus,Oithona,Euterpina,Microsetella;Paracalanidae,Acartiidae,Oithonidae,Corycaeidae,Euterpinidae;Harpaticoida;South America,Brazil;Planctonic Copepods;no;no;wos:000376155900006
Sören;;;;;Macrofauna;no;no;wos:000377311100004
Sören;;;;;Macrofauna;no;no;wos:000380018800018
Sören;;;;;Macrofauna;no;no;wos:000383182300001
Sören;;;;;Macrofauna;no;no;wos:000399014700011
Sören;;;;;Macrofauna;no;no;wos:000399624100016
Sören;;;;;Macrofauna;no;no;wos:000403834400006
Sören;;;;;No meiofauna;no;no;wos:000405865700020
Jan;;;;;No beach meiofauna;no;no;wos:000406991600001
Sören;;;;;Macrofauna;no;no;wos:000408030500001
Sören;;;;;Macrofauna;no;no;wos:000410138500015
Sören;;;;;Gut content;no;no;wos:000414698600002
Sören;;;;;No meiofauna;no;no;wos:000421456600428
Jan;;;;;No meiofauna;no;no;wos:000423668400058
Jan;;;;;Not beach meiofauna;no;no;wos:000424753100002
Jan;;;;;Not meiofauna;no;no;wos:000428007500001
Jan;;;;;Not meiofauna;no;no;wos:000430645600030
Jan;;;;;Not meiofauna;no;no;wos:000450335900010
Jan;;;;;Not meiofauna;no;no;wos:000457217500001
Jan;;;;;Not meiofauna;no;no;wos:000469152500010
Jan;;;;;Not meiofauna;no;no;wos:000471325100001
Jan;;;;;Not marine meiofauna;no;no;wos:000473730300006
Jan;;;;;Not meiofauna;no;no;wos:000474835600004
Jan;;;;;Not meiofauna;no;no;wos:000478712800027
Jan;;;;;Not meiofauna;no;no;wos:000487346400006
Jan;;;;;Not meiofauna;no;no;wos:000489190500026
Jan;;;;;Not meiofauna;no;no;wos:000489650300007
Jan;;;;;Not meiofauna;no;no;wos:000514748900027
Jan;;;;;Not meiofauna;no;no;wos:000515445400003
Jan;;;;;Not meiofauna;no;no;wos:000517349200024
Jan;;;;;Not meiofauna;no;no;wos:000539778300001
Jan;;;;;Not meiofauna;no;no;wos:000556050000001
Jan;;;;;Not meiofauna;no;no;wos:000562971000015
Jan;;;;;Not meiofauna;no;no;wos:000568438900003
Jan;;;;;Not meiofauna;no;no;wos:000573358700001
Jan;;;;;Not meiofauna;no;no;wos:000600344000026
Jan;;;;;Not meiofauna;no;no;wos:000646861800018
Jan;;;;;Not meiofauna;no;no;wos:000663076000006
Jan;;;;;Not beach meiofauna;no;no;wos:000676661100002
Jan;;;;;Not meiofauna;no;no;wos:000684005500008
Jan;;;;;Not meiofauna;no;no;wos:000689484300001
Jan;;;;;Not meiofauna;no;no;wos:000701668100001
Jan;;;;;Not meiofauna;no;no;wos:000702878600012
Jan;;;;;No meiofauna;no;no;wos:000706112800001
Jan;;;;;Not meiofauna;no;no;wos:000714972600013
Jan;;;;;Not meiofauna;no;no;wos:000815951000002
Jan;;;;;Not meiofauna;no;no;wos:000869450000012
Jan;;;;;Not beach;no;no;wos:a1971l203300011
Jan;;;;;No beach meiofauna;no;no;wos:a1989cf39600001
Jan;;;;;No meiofauna;no;no;wos:a1991fp60800043
Jan;;;;;No meiofauna;no;no;wos:a1991hb55600002
Jan;;;;;No meiofauna;no;no;wos:a1994pn98200011
Jan;;;;;Not available;no;no;wos:a1994pu68500008
Jan;;;;;No meiofauna;no;no;wos:a1994qc40900001
Jan;;;;Australia,Victoria,Cape Paterson;No meiofauna;no;no;wos:a1995tn90100006
Jan;;;;Australia,New South Wales;No meiofauna;no;no;wos:a1996uv75900005
Jan;;;;North America,California,near Santa Barbara;No meiofauna;no;no;wos:a1996vp51500003
Jan;;;;Australia,Lower west coast;No meiofauna;no;no;wos:a1997xj25300006
Sören;;;;Europe,Spain;No Access;maybe;yes;wos:000383386600008
Sören;;;;Asia,Japan,Otsuchi Bay;"Class mentioned; gut content";partial;yes;wos:000085299500008
Sören;;;;South America,Venezuela;Macrofauna;partial (includes nematoda);yes;wos:000087327300004
Sören;Haustorioides,Pontogeneia,Allorchestes,Synchelidium,Jassa,Urothoe,Robertgurneya;;Harpaticoida;Asia,South Korea;Meiofauna as gut content;yes;yes;wos:000175866100025
Sören;Lecane,Lepadella,Trichocerca,Dicranophorus,Lindia,Notommata,Rotaria;;;Europe,Poland;Freshwater Rotifers;no;yes;wos:000183729900012
Sören;Oxyonchus,Enoplolaimus;Thoracostomopsidae;Enoplida;Australia,Australia;Macrofauna;no;yes;wos:000188667300005
Sören;;;;Europe,Italy,Adriatic Sea;Bacteria;no;yes;wos:000255237000028
Sören;;;;South America,Brazil;Macrofauna;no;yes;wos:000318625700014
Sören;;;;;No meiofauna;no;yes;wos:000326768200030
Jan;;;;;Not available;no;yes;wos:000355776500004
Jan;;;;;Not meiofauna;no;yes;wos:000555500000069
Jan;;;;;subtidal;no;yes;wos:000610096000005
Jan;Enoplolaimus,Limonchulus,Oncholaimellus,Metadesmolaimus,Cephalobus,Crocodorylaimus,Euteratocephalus,Nygolaimellus,Mesacanthoides,Dasynemoides,Gammanema,Mesodorylaimus,Prorhynchonema,Ptycholaimellus,Sabatieria,Zygonemella,;;;South America,Brazil,Vai-Quem-Quer beach;;no;yes;wos:000636391500005
Jan;;;;;Not meiofauna;no;yes;wos:000671772500001
Jan;;;;;Not meiofauna;no;yes;wos:000742789900001
Jan;;;;;No beach meiofauna;no;yes;wos:000814216900006
Jan;;;;;Not available;no;yes;wos:a1968b986100005
Jan;;;;;Not available;no;yes;wos:a1970h639400001
Jan;;;;;Not available;no;yes;wos:a1971i564900001
Jan;;;;;Not available;yes;yes;wos:a1973q891300001
Jan;;;;;Not available;yes;yes;wos:a1979gw91400004
Jan;;;;;No meiofauna;yes;yes;wos:a1982pt00200003
Jan;Diacyclops,Epactophanes;;;Asia,Russia,Baikal;maybe;yes;yes;wos:a1993mc25600002
Jan;;;;;No beach meiofauna;no;yes;wos:a1996vm48100008
Sören;Scolelepis;Spionidae,Terebridae;;North America,French Polynesia,Tahiti;Polychaeta, Gastropoda;yes;yes;wos:000072361200008
Sören;Microsetella,Archaeomysis,Acartia,Oithona,Pseudocalanus;Dicranophoridae;;Asia,Japan,Otsuchi Bay;Copepods in gut content;yes;yes;wos:000072545600018
Sören;Colurella,Asplanchna,Cephalodella,Encentrum,Euchlanis,Keratella,Lecane,Lepadella,Lindia,Pompholyx,Trichocerca;Colurellidae,Lecanidae,Dicranophoridae,Trichocercidae;;Europe,Belgium;Rotifers;yes;yes;wos:000074684400004
Sören;;;Tanaidacea,Harpaticoida;Africa,Kenya,Gazi Bay;Fish gut content analysis;yes;yes;wos:000078536400003
Jan;;;;Asia,India,Goa;Only phylum or class level id;yes;yes;wos:000079132500017
Sören;Colurella,Notholca,Proales,Encentrum,Notocaryoplana;Macrodasyida,Chaetonotidae;;North America,Greenland;Mostly Rotifers;yes;yes;wos:000079719900015
Sören;;;;Europe,Italy,Ligurian Sea;Only phylum or class level IDs;yes;yes;wos:000081863100002
Sören;Actinonema,Chromadorita,Hypodontolaimus,Comesa,Paracyatholaimoides,Praeacanthonchus,Gammanema,Onyx,Microlaimus,Cynura,Haliplectus,Ceramonema,Gonionchus,Gullanema,Omicronema,Rhynchonema,Theristus,Xyala,Nicasolaimus,Enoplus,Enoploides,Enoplolaimus,Fleuronema,Okranema,Oxyonchus,Anoplostoma,Syringolaimus,Eurystomina,Bathylaimus,Pellioditis,Atrochromadora,Metepsilonema,Ptycholaimellus,Procamacolaimus,Metadasynemoides,Prorhynchonema,Parodontophora,Epacanthion,Mesacanthion,Chaetonema,Thalassironus,Oncholaimus;Chromadoridae,Ethmolaimidae,Cyatholaimidae,Selachinematidae,Desmodoridae,Epsilonematidae,Microlaimidae,Leptolaimidae,Haliplectidae,Ceramonematidae,Desmoscolecidae,Xyalidae,Axonolaimidae,Enoplidae,Thoracostomopsidae,Anoplostomatidae,Ironidae,Oxystominidae,Oncholaimidae,Enchelidiidae,Tripyloididae,Rhabditidae;;Australia,Australia,Dolphin Beach;Nematodes;yes;yes;wos:000081925200012
Sören;Encentrum,Proales;Monogononta;Monogononta;Europe,Netherlands,Scheldt estuary;Rotifers;yes;yes;wos:000086350400006
Sören;;Macrodasyidae,Halacaridae;Rhabdocoela,Chaetonotida,Catenulida,Acoelomorpha,,Prolecithophora,Proseriata,Typhloplanoida,Kalyptorhynchia,Dalyellioida;Europe,Germany,Sylt;Mostly Platyhelminthes;yes;yes;wos:000087041900005
Jan;;;;North America,USA,New Jersey,Keyport;Only density;yes;yes;wos:000169316900010
Sören;;;;South America,Chile;phyla or class level ID;yes;yes;wos:000170529300021
Sören;Aspelta,Brachionus,Colurella,Encentrum,Erignatha,Filinia,Lindia,Notholca,Paradicranophorus,Proales;Dicranophoridae;Ploima;Europe,Denmark;Rotifers;yes;yes;wos:000170963800011
Sören;;Derocheilocarididae;Harpacticoida;South America,Chile;phyla or class level ID;yes;yes;wos:000172774500015
Sören;Actinonema,Comesa,Gammanema,Chromospirina,Cynura,Tricoma,Gullanema,Atrochromadora,Chromadorita,Hypodontolaimus,Paracyatholaimoides,Praeacanthonchus,Metachromadora,Onyx,Microlaimus,Halipiectus,Ceramonema,Gonionchus,Omicronema,Prorhynchonema,Rhynchonema,Xyala,Nicascolaimus,Enoplus,Enoploides,Enoplolaimus,Epacanthion,Mesacanthion,Okranema,Oxyonchus,Anoplolaimus,Pheronous,Syringolaimus,Halalaimus,Oncholaimus,Eurystomina,Bathylaimus,Pellioditis;Epsilonematidae;;Australia,Australia;"Nematoda; Mostly Macrofauna";yes;yes;wos:000173512200003
Sören;;;;Asia,India;Only phylum or class level IDs / review paper;yes;yes;wos:000176654600015
Sören;;;;Europe,Poland,Hel;Seagrass decay;yes;yes;wos:000176892300005
Sören;Paraturbanella,Turbanella,Paradasys,Tetranchyroderma,Xenotrichula,Apodotrocha,;Protodriloidae,,Turbanellidae;Macrodasyida,Harpacticoida,Proseriata,Dalytyphloplanida,Kalyptorhynchia,Acoela;Australia,Australia;Mostly Gastrotrichs;yes;yes;wos:000177049300006
Sören;Tetranchyroderma,Cephalodasys,Turbanella,Mesodasys,Neodasys,Xenotrichula,Chaetonotus,Halichaetonotus;Turbanellidae,Lepidodasyidae,Thaumastodermatidae,Neodasyidae,Xenotrichulidae,Chaetonotidae;Macrodasyida,Chaetonotida;North America,USA,Long Beach Island;Gastrotricha;yes;yes;wos:000178173100004
Sören;;;;Europe,Poland,Hel;phyla or class level ID;yes;yes;wos:000178424100006
Sören;;;;Europe,Germany,Denmark,Sylt,Rømø;phyla or class level ID;yes;yes;wos:000178742100004
Sören;Tetranchyroderma,Paraturbanella,Crasiella,Orzeliscus;Thaumastodermatidae;Macrodasyida;Europe,Spain,Canary Islands;Gastrotricha;yes;yes;wos:000183800900006
Sören;Quinquelaophonte,Laophonte,Heterolaophonte;Laophontidae;Harpacticoida;Asia,South Korea;Copepods;yes;yes;wos:000184156400014
Sören;;;;Australia,Australia;Habitat classification;yes;yes;wos:000184500300014
Sören;Scolelepis,Streblospio,Polydora,Dipolydora,Paraprionospio,;Spionidae;;Europe,Spain;Polychaeta;yes;yes;wos:000185919300019
Jan;;;;Europe,Germany,Sylt;Only phylum or class level id;yes;yes;wos:000189147100003
Sören;Macrodasys,Diplodasys,Paradasys,Tetranchyroderma,Paraturbanella,Pseudostomella,Thaumastoderma,Ptychostomella,Heteroxenotrichula,Chaetonotus,Halichaetonotus,Musellifer,Dendrodasys,Dactylopodola,Platydasys,Aspidiophorus,Heterolepidoderma,Ichthydium,Xenotrichula;Macrodasyidae,Dactylopodolidae,Lepidodasyidae,Turbanellidae,Thaumastodermatidae,Xenotrichulidae,Chaetonotidae;Macrodasyida,Chaetonotida;South America,Brazil;Gastrotricha;yes;yes;wos:000189176800002
Jan;;;;South America,Brazil;morphodynamics;yes;yes;wos:000202961200004
Jan;;;;South America,Brazil,Tamandaré Bay;Only phylum or class level id;yes;yes;wos:000202961200042
Sören;;;;South America,Brazil,Jurujuba Sound;phyla or class level ID;yes;yes;wos:000202961200067
Sören;;;;South America,Brazil,Sao Paolo;phyla or class level ID;yes;yes;wos:000202961200069
Sören;Theristrus,Chromadorita,Prochromadorella,Chromadora,Dichromadora,Viscosia,Enoplolaimus,Bathylaimus;;;Europe,Norway,Bjornoya;Nematoda;yes;yes;wos:000222239300001
Sören;;;;South America,Chile,Chañaral;phyla or class level ID;yes;yes;wos:000224011400001
Sören;Pellioditis,Paracanthonchus,Monoposthia,Daptonema,Axonolaimus,Chromadorita,Calyptronema,Parachromadorita,Spilophorella,Onyx,Enoplolaimus,Oncholaimellus,Odontophora,Cyartonema;Xyalidae,Oncholaimida,Chromadoridae,Cyatholaimidae,Axonolaimidae,Thoracostomopsidae,Desmodoridae,Aegiolaimidae,Monoposthiidae,Rhabditidae,Microlaimidae,Linhomoeidae,Selachinematidae,Leptolaimidae,Anoplostomatidae,Tripyloididae,Tarvaiidae,Comesomatidae,Ironidae,Diplopeltidae,Sipholaimidae,Trefusiidae,Neotonchidae,Phanodermatidae,Rhabdodemaniidae,Coninckiidae;;Europe,Belgium,De Panne;Nematoda;yes;yes;wos:000224139600005
Sören;Aporcelaimus,Theristus,Tripyloides,Enoplolaimus,Chromadorita,Trileptium,Aporcelaimellus,Leptolaimus,Epsilonema,Bathylaimus,Dracognomus,Axonolaimus,Anoplostoma,Ascolaimus,Metadesmolaimus,Trissonchulus,Platycoma,Metachromadora;;Dorylaimida,Rhabditida;Europe,Poland & Italy;Nematoda;yes;yes;wos:000226399900029
Sören;;Halacaroidea,Mystacocarida;Harpacticoida,Cumacea;worldwide;Mostly phylum or class level IDs;yes;yes;wos:000227153600016
Sören;Halichaetonotus,Turbanella,Tetranchyroderma,Heteroxenotrichula,Tetranchyroderma;Chaetonotidae,Turbanellidae,Thaumastodermatidae,Dactylopodolidae;Chaetonotida,Macrodasyida;Australia;Gastrotricha;yes;yes;wos:000230698300015
Sören;Otoplana,Macrostomum,Halalaimus,Desmodora,Chromadora,Sabatieria,Steineria,Metapsleionema,Cateria,Hesionides,Polygordius,Saccocirrus,Marionina,Aranetosetella,Psammastacus,Leptastacus,Emertonia,Sewellina,Polycope,Angeliera,Halacarus;;;Asia,India,Chennai;Mostly Nematoda;yes;yes;wos:000230699800017
Sören;;;;Europe,Italy,Liguria;phyla or class level ID;yes;yes;wos:000232251800003
Sören;;;;Europe,Netherlands,France,Belgium;phyla or class level ID;yes;yes;wos:000232988400001
Sören;Odontanticoma,Wieseria,Acanthonchus,Halalaimus,Paracyatholaimus,Halalaimus,Viscosia,Metalinhomoeus,Monoposthia,Anticoma,Graphonema,Longicyatholaimus,Prochromadora,Pseudochromadora,Thalassomonystera,Comesa,Crenopharynx,Gammonema,Paramesacanthion,Terschellingia,Belbola,Paracomesoma,Paralongicyatholaimus,Spirinia,Hypodontolaimus,Chromadora,Pomponema,Parachromadora,Cyatholaimus,Odontanticoma,Euchromadora,Dichromadora,Chromadorina,Spilophorella,Paracanthonchus,Daptonema,Oncholaimus,Eurystomina,Thoracostoma,Phanoderma,Enoplus,Monhysterida,Theristus,Metoncholaimus,Gomphionema,Nudora,Spirobolbolaimus,Desmodora,Epacanthion;Chromadoridae,Oncholaimidae;;South America,Brazil;Nematodes;yes;yes;wos:000233730900016
Sören;Oncholaimus,Theristus,Neochromadora,Enoplolaimus,Rhabditis,Chromadorita,Chromadorina,Paracanthonchus,Ascolaimus,Paracyatholaimus,Bathylaimus,Diodontolaimus,Araeolaimus,Prochromadorella,Chromaspirinia,Parachromadorita,Monhystera,Onyx,Axonolaimus,Sabatieria,Chromadora,Microlaimus,Desmolaimus,Metachromadora,Prochromadora,Geomonhystera,Plectus,Eudorylaimus;Chromadoridae;;Europe,Norway,Spitsbergen;Nemotoda;yes;yes;wos:000233876100004
Jan;;;;Europe,Italy,Collelungo;Only phylum or class level id;yes;yes;wos:000234942000001
Jan;Onyx,Theristus,Chromadorina,Hypodontolaimus,Trissonchulus;;;Europe,Belgium,De Panne;Mostly Nematoda;yes;yes;wos:000236502900001
Sören;Evansula,Tetragoniceps,Cylindropsyllus,Stenocaris,Cylinula,Boreopontia,Stenocaropsis,Willemsia,Navalonia,Selenopsyllus,Paraleptastacus;Cylindropsyllidae,Canthocamptidae,Louriniidae,Huntemanniidae,Rhizothrichidae,Cletodidae,Morariinae,Epactophaninae,Miraciidae,Clytemnestridae,Ancorabolidae,Ameiridae,Leptopontiidae;Harpacticoida;Europe,North- western waters;Copepod revision;yes;yes;wos:000239486200001
Sören;;;;Europe,Italy,Ligurian Sea;phyla or class level ID;yes;yes;wos:000240308500030
Jan;;;;Europe,Norway,Spitsbergen,Kongsfjorden;Only phylum or class level id;yes;yes;wos:000241097700003
Sören;Philactinoposthia,Amphiscolops,Convoluta,Heterochaerus,Haplogonaria,Kuma,Archaphanostoma,Avagina,Isodiametra,Pseudaphanostoma,Eumecynostomum,Haplocelis,Otocelis,Philocelis,Paratomella,Haplocelis,Otocelis;Actinoposthiidae,Convolutidae,Haploposthiidae,Isodiametridae,Mecynostomidae,Otocelididae,Paratomellidae,Isodiametridae;;South America,Brazil;Acoelomopha revision;yes;yes;wos:000241388200001
Sören;Scolelepis,Parascolelepis,Nerinides,Nerine,Lumbricus,Malacoceros,Spio;Spionidae;;North America,Mexico;Nematoda revision;yes;yes;wos:000242266300003
Jan;;;;Europe,Italy,Collelungo;Only phylum or class level id;yes;yes;wos:000244296000004
Sören;;;;North America,Cuba;phyla or class level ID;yes;yes;wos:000244698300032
Sören;Adoncholaimus,Aegialoalaimus,Axonolaimus,Astomonema,Calomicrolaimus,Catanema,Ceramonema,Chromadorita,Chromaspirina,Cobbia,Comesoma,Cyatholaimus,Daptonema,Dasynemoides,Desmodora,Desmoscolex,Dichromadora,Diplopeltula,Enoploides,Epacanthion,Euchromodora,Eurystomina,Gammanema,Leptonemella,Longicyatholaimus,Marylynnia,Mesacanthion,Metacomesoma,Metachromadora,Metadasynemoides,Metadasynemella,Metalinhomoeus,Metoncholaimus,Microlaimus,Neochromadora,Odontophora,Omicronema,Oncholaimellus,Oncholaimus,Oxystomina,Paracanthonchus,Paracomesoma,Paracyatholaimoides,Paradesmodora,Paramonohystera,Pareurystomina,Pomponema,Pselionema,Pseudosteineria,Pterygonema,Rhips,Rhynchonema,Richtersia,Sabatieria,Scaptrella,Spilophorella,Spirinia,Steineria,Stephanolaimus,Synonchiella,Tarvaia,Theristus,Tricoma,Viscosia,Vasostoma,Wieseria,Xyala,Actinonema,Amphimonhystera,Bathyeurystomina,Chromadorina,Elzalia,Epsilonema,Euchromadora,Gonionchus,Halalaimus,Meylia,Nannolaimus,Paracyatholaimus,Rhabdocoma,Siphonolaimus;Oncholaimidae,Aegialoalaimidae,Axonolaimidae,Siphonolaimidae,Microlaimidae,Desmodoridae,Ceramonematidae,Chromadoridae,Xyalidae,Comesomatidae,Cyatholaimidae,Desmoscolecidae,Diplopeltidae,Thoracostomopsidae,Enchelidiidae,Selachinematidae,Appendices,Linhomoeidae,Oxystominidae,Leptolaimidae,Tarvaiidae,Epsilonematidae,Meyliidae,Ethmolaimidae,Trefusiidae;;North America,Mexico,Gulf of California;Nematodes;yes;yes;wos:000246612800015
Sören;;;;South America,Chile;Only phylum or class level IDs;yes;yes;wos:000247351700001
Sören;;;;Europe,Spain,Galicia;Only class or subclass level id;yes;yes;wos:000248562500034
Sören;;;;Europe,France,Roscoff Aber Bay;Bacteria;yes;yes;wos:000249816300004
Sören;Pseudostomella,Xenotrichula,Halichaetonotus,Tetranchyroderma;Thaumastodermatidae;Macrodasyida;Asia,India;"Gastrotricha; Species description";yes;yes;wos:000250199800005
Sören;Trileptium,Trilepta,Okranema,Enoploides,Caenorhabditis;Thoracostomopsidae,Trileptiinae,Enoplolaiminae;Enoplida;Australia;"Nematoda; species description";yes;yes;wos:000250475900009
Sören;Arenopontia,Psammoleptastacus,Neoleptastacus,Pararenopontia,Mesopontia,Onychopontia;Arenopontiidae;Harpacticoida;Europe,Turkey;"Copepoda; Classification";yes;yes;wos:000253639500001
Sören;Microlaimus,Bathylaimus,Neochromadora,Enoplolaimus,Metadesmolaimus,Theristus,Metoncholaimus,Axonolaimus,Ascolaimus,Paracanthonchus,Chromadorita,Promonhystera,Rhynchonema,Nannolaimus,Oncholaimus,Spiliphera,Paracyatholaimus,Tricoma,Camacolaimus,Paramonohystera,Elzalia,Oxyonchus,Acantholaimus,Doliolaimus,Daptonema,Prochromadorella,Halalaimus;;;Asia,China;Nematodes;yes;yes;wos:000256131900009
Sören;;Halacaridae;Harpacticoida;Europe,Spain;Mostly phylum or class level IDs;yes;yes;wos:000256446800009
Sören;Acantholaimus,Anoplostoma,Ascolaimus,Axonolaimus,Bathylaimus,Calomicrolaimus,Calyptronema,Chaetonema,Chromadora,Chromadorina,Chromadorita,Chromaspirina,Cobbia,Comesa,Daptonema,Dichromadora,Dorylaimida,Enoplolaimus,Eumorpholaimus,Haliplectus,Leptolaimus,Leptonemella,Metachromadora,Metadesmolaimus,Microlaimus,Monhystera,Mononchida,Monoposthia,Neochromadora,Odontophora,Oncholaimellus,Oncholaimus,Onyx,Paracanthonchus,Parachromadorita,Paracyatholaimus,Paramonhystera,Pomponema,Prochromadora,Promonhystera,Ptycholaimellus,Rhabdocoma,Rhabditidae,Sabatieria,Spilophorella,Stephanolaimus,Synonchiella,Theristus,Trefusia,Trissonchulus,Tubolaimoides,Xyala,Viscosia;Rhabditidae,Dorylaimoidea,Monhysteridae;;Europe,Belgium;Nematoda;yes;yes;wos:000257329600007
Sören;Tetranchyroderma,Pseudostomella,Diurodrilus,Protodrilus,Neodasys,Paraturbanella,Turbanella,Xenotrichula,Thaumastoderma;Thaumastodermatidae;Macrodasyida,Kalyptorhynchia,Proseriata,Acoela;Australia;/;yes;yes;wos:000257947000011
Sören;Polydora;Spionidae;;South America,Chile;Parasite Polychaete;yes;yes;wos:000258200000002
Sören;Pisione,Protodrilus,Polygordius,Saccocirrus,Hesionides,Hesionura,Dinophilus,Protodriloides;Syllidae;Protodrilida;South America,Brazil;Mostly Polychaetes;yes;yes;wos:000262894000004
Sören;Thalasodrilus,Lumbricillus;Tubificidae,Enchytraeidae;;Europe,Iceland;Mostly phylum or class Level IDs;yes;yes;wos:000265439800003
Sören;Chromaspirina,Spirinia,Bolbolaimus,Bolbolaimus,Desmodora,Metadesmodora,Echinodesmodora;Desmodoridae,Spiriniinae,Desmodoroidea;;South America,Brazil;Nematode description;yes;yes;wos:000266231300002
Sören;Enchelidiidae,Abelbolla,Aronema,Bathyeurystomina,Belbolla,Bernardius,Calyptronema,Ditlevsenella,Eurystomina,Ledovitia,Lyranema,Megeurystomina,Pareurystomina,Polygastrophora,Symplocostoma ,Symplocostomella,Thoonchus;Enchelidiidae;Enoplida;South America,Brazil;Nematode description;yes;yes;wos:000267009100011
Sören;;;Cumacea;Asia,Japan,Ryukyu Archipelago;Mostly phylum or class Level IDs;yes;yes;wos:000268018700001
Sören;Scolelepis;;;Europe,Belgium;Bird foraging study;yes;yes;wos:000269622900010
Sören;Scolelepis,Paraprionospio,Prionospio,Parascolelepis;Spionidae;;Asia,China;Nematode description;yes;yes;wos:000269956200003
Sören;;;;South America,Brazil;phyla or class level ID;yes;yes;wos:000271570400015
Sören;Halomonhystera,Rhabditis,Mononchoides,Pellioditis;Rhabditidae,Dorylaimidae;;Europe,Norway,Spitsbergen;Nematoda;yes;yes;wos:000272957600019
Sören;Boccardia,Spio,Scoloplos,Capitella,Caulleriella,Paraonides,Exogone,Axiothella,Onuphis,Travisia,Glycera,Puelche,Microphoxus,Monoculopsis;Psammodrilidae,Corophiidae,Syllidae,Nereidae;;South America,Argentina;Mosly Polychaeta;yes;yes;wos:000278668500013
Sören;;;;Europe,Spain,Galicia;phyla or class level ID;yes;yes;wos:000278668500016
Jan;Enoplus,Enoploides,Epacanthion,Mesacanthion,Chaetonema,Anoplostoma,Anticoma,Rynchonema,Pselionema,Metadasynemoides,Diodontolaimus,Camacolaimus,Monoposthia,Microlaimus,Calomicrolaimus,Epsilonema,Leptonemella,Sabatieria,Eubostricus,Desmodora,Spirinia,Marylynnia,Latronema,Sinonchiella,Chromaspirina,Pomponema,Paracomesoma,Chromadorita,Comesoma,Nannolaimoides,Paracanthoncus,Metachromadora,Neochromadora,Spilophorella,Chromadora,Dichromadora,Chromadorina,Chromadorella,Prochromadorella,Odontophora,Araeolaimus,Terschellingia,Eumorpholaimus,Promonhystera,Halalaimus,Viscosia,Calyptronema,Bathylaimus,Mesodorylaimus,Theristus,Daptonema,Elzalia,Cobbia,Xyala;;;Europe,Italy,Sassari,Lecce,Trieste;;yes;yes;wos:000278867400010
Jan;;;;Europe,England;Only phylum or class level id;yes;yes;wos:000279089400010
Sören;Musellifer,Diuronotus,Cephalodasys,Macrodasys,Megadasys,Paraturbanella,Thaumastoderma,Turbanella,Urodasys,Aspidiophorus,Chaetonotus;Chaetonotidae,Muselliferidae,Macrodasyidae,Lepidodasyidae,Thaumastodermatidae,Turbanellidae;Chaetonotida,Macrodasyida;Europe,Italy,Adriatic Sea;Gastrotricha;yes;yes;wos:000279511000001
Sören;Actinonema,Ammotheristus,Bathylaimus,Calyptronema,Camacolaimus,Campylaimus,Catanema ,Ceramonema,Chromadorella,Chromadorina,Chromadorita,Chromaspirinia,Cobbia,Comesoma,Cyartonema,Cyatholaimus,Daptonema,Dasynemoides,Desmodora,Desmoscolex,Dichromadora,Diplopeltoides,Elzalia,Enoploides,Enoplolaimus,Epacanthion,Filitonchus,Nannolaimus,Gammanema,Halalaimus,Hypodontolaimus,Kraspedonema,Latronema,Leptonemella,Linhomoeus,Marylynnia,Mesancanthionx,Mesacanthoides,Metachromadora,Metadasynemella,Metadasynemoides,Metoncholaimus,Meylia,Microlaimus,Nannolaimoides,Neochromadorax,Odontophora,Omicronema,Oncholaimellus,Oncholaimus,Oxyonchus,Oxystominax,Paracanthonchus,Paracomesoma,Paracyatholaimoides,Parodontophora,Paramonhystera,Polygastropoda,Pomponema,Praeacanthonchus,Prochromadora,Prochromadorellax,Promonhystera,Prooncholaimus,Pselionema,Pseudosteineria,Ptycholaimellus,Rhabdodemania,Rhips,Rhynchonema,Richtersia,Sabatieria,Scaptrella,Spilophorella,Spirinia,Stylotheristus,Synonchiella,Tarvaia,Theristus,Trichotheristus,Tricoma,Tripyloides,Trissonchulus,Viscosia,Xyala;Thoracostomopsidae,Oncholaimidae,Ethmolaimidae,Leptolaimidae,Ethmolaimidae,Epsilonematidae,Chromadoridae,Cyatholaimidae,Desmodoridae,Axonolaimidae;;North America,Mexico,Gulf of California;Nematoda;yes;yes;wos:000279836900007
Sören;Assia,Bernardius,Conilia,Elzalia,Ingenia,Kosswigonema,Litotes,Manunema,Robbea,Synonema;Peresianidae;Triplonchida,Enoplida,Triplonchida,Dorylaimida,Mononchida,Chromadorida,Desmodorida,Desmoscolecida,Monhysterida,Araeolaimida,Plectida;South America,Brazil;Nematode review;yes;yes;wos:000280900700002
Sören;Daptonema,Actinonema,Axonolaimus,Bolbolaimus,Comesoma,Desmodora,Dorylaimopsis,Gammanema,Oncholaimus,Oxyonchus,Paracyatholaimus,Polysigma,Praeacanthonchus,Terschellingia,Theristus,Trefusia,Tripyloides,Viscosia;;;Asia,India;Nematodes;yes;yes;wos:000281449300014
Jan;;;;Europe,Spain,O Barqueiro,Foz;Only phylum or class level id;yes;yes;wos:000281527100004
Sören;;;;Asia,India;Only phylum or class level IDs / review paper;yes;yes;wos:000281979100002
Sören;Pisione,Pisionidens,Anoplopisione,Pisionella;Pisionidae;;North America,Mexico;Polychaetes;yes;yes;wos:000282581100010
Sören;Oregodasys;Thaumastodermatidae;Macrodasyida;Central America,Belize;Gastrotrich;yes;yes;wos:000284008600001
Sören;Perepsilonema,Xyala,Desmodora,Microlaimus,Pomponema,Tricoma,Rhynchonema,Enoploides,Gammanema,Metachromadora,Chromadorita,Spirinia,Richtersia,Odontophora,Metoncholaimus,Actinonema,Ceramonema;Xyalidae;;North America,Mexico,Gulf of California;Nematoda;yes;yes;wos:000289439900005
Sören;;;;Africa,Mozambique,Tanzania,South Africa;phyla or class level ID;yes;yes;wos:000293286300001
Sören;Pycnophyes,Kinorhynchus;Pycnophyidae;Homalorhagida;Europe,Spain;Kinorhyncha;yes;yes;wos:000293980700006
Jan;Sigmophoranema,Enoplolaimus,Daptonema,Metadesmolaimus,Apodontium,Neochromadora,Spilophorella,Tripyloides,Trissonchulus,Xyala,Stephanolaimus,Terschellingia,Thalassironus,Theristus,Trichotheristus,Trefusia,Rhabditis,Rynchonema,Sabatieria,Setostephanolaimus,Sigmophoranema,Southernia,Paracanthonchus,Paracyatholaimus,Pomponema,Promonhystera,Pseudonchus,Odontophora,Odontophoroides,Oncholaimus,Oncholaimellus,Monoposthia,Microlaimus,Metadesmolaimus,Mesacanthion,Leptolaimus,Leptonemella,Hypodontolaimus,Gammanema,Eumorpholaimus,Enoplolaimus,Enoploides,Dorylaimopsis,Chromaspirina,Chromadorita,Bolbolaimus,Bathylaimus,Scolelepis,Mesacanthion,Oncholaimellus,Ascolaimus,Chromadora,Neochromadora;;;Europe,Belgium,De Panne;Mostly Nematoda;yes;yes;wos:000295543200008
Sören;Sigmophoranema,Enoplolaimus;;;Europe,Belgium;Also class level IDs, Lab experiment;yes;yes;wos:000295707900022
Sören;Sentiropsis,Paradanielssenia,Carolinicola,Danielssenia,Jonesiella,Peltisenia,Micropsammis,Telopsammis,Afrosenia,Prionos;Pseudotachidiidae,Danielsseniinae,Hemimesochrinae,Canthocamptidae;Harpacticoida;Asia,South Korea;"Copepoda; Classification";yes;yes;wos:000295897500004
Sören;Remanea,Paramesochra,Emertonia,Biuncus,Apodopsyllus,Leptopsyllus,Paraleptopsyllus,Intermedopsyllus,Scottopsyllus,Wellsopsyllus,Diarthrodella,Tigriopus,Macrosetella,Miracia,Cletocamptus,Coullana;Paramesochridae,Cletopsyllidae,Clytemnestridae;Harpacticoida;Asia,South Korea;"Copepoda; Classification";yes;yes;wos:000296714300005
Sören;Apodopsyllus,Arenopontia,Arenosetella,Kliopsyllus,Noodtiella,Ectinosoma ,Parasthenelia;Diosaccidae;;Europe,Greece,Crete;Copepoda;yes;yes;wos:000297386300003
Sören;Thalassoalaimus,Halalaimus,Terschellingia,Sabatieria,Ceramonema,Desmolex,Aegialoalaimus,Leptolaimus,Chromadora,Amphrmonhystrolla,Metalinhomoeus,Daptonema,Parodontophora,Marylynnia,Dorylaimopsis,Microlaimus,Viscosia,Mesacanthoides,Sphaerolaimus,Trileptium,Parasphaerolaimus,Enoploides,Paramesacanthion;;;Asia,China;Nematoda;yes;yes;wos:000298520400029
Sören;Daptonema,Enoploides,Viscosia,Daptonema,Mesacanthion,Viscosia,Microlaimus,Chromadorita,Tricoma,Daptonema,Sabatieria,Euchromadora;Enoplidae,Thoracostomopsidae,Anoplostomatidae,Phanodermatidae,Anticomidae,Ironidae,Oxystominidae,Oncholaimidae,Enchelidiidae,Tripyloidadae,Lauratonematidae,Xyalidae,Monhysteridae,Syphonolaimidae,Linhomoeidae,Diplopeltidae,Axonolaimidae,Chromadoridae,Comesomatidae,Ethmolaimidae,Cyatholaimidae,Selachinematidae,Desmodoridae,Epsilonematidae,Draconematidae,Microlaimidae,Monoposthiidae,Leptolaimidae,Haliplectidae,Desmoscolecidae,Ceramonematidae;Enoplida,Dorylaimidae,Trefusiida,Monhysterida,Chromadorida,Paramicrolaimida;Europe,Italy;Nematoda;yes;yes;wos:000298578300012
Sören;;;;Europe,Spain,Galicia;phyla or class level ID;yes;yes;wos:000299033200002
Sören;Mesacanthion,Oncholaimus,Comesoma,Daptonema;Thoracostomopsidae;;South America,Brazil;Nematoda;yes;yes;wos:000300383600005
Jan;Ammotheristus,Ascolaimus,Axonolaimus ,Bathylaimus,Bolbolaimus,Camacolaimus,Chromadora,Chromadorita;;;Europe,Belgium,De Panne;;yes;yes;wos:000300745500012
Sören;Asellopsis,Ectinosomatida,Tisbe,Enoplolaimus,Theristrus,Acanthopharynx,Bathylaimus,Pomponema,Rhabdocoma,Rhabdodemania,Viscosia,Microphthalmus,Tharyx,Syllis,Syllides,Anoplosyllis,Schoeredella,Pionosyllis,Novafabricia,Hesionides,Exogone,Dispio,Catenulida,,,Grania,Aktedrilus,Tubificida,Heterodrilus,Ototyphlonemertes,Cypridina,Bathyporeia,Spio,;Ectinosomatidae,Enchytraeidae,Tubificidae,;Harpacticoida;Europe,Spain,Canary Islands;;yes;yes;wos:000302396200002
Sören;;;;Asia,India;phyla or class level ID;yes;yes;wos:000303143400003
Sören;Amphiascus,Amphiascopsis,Altheuta,Ameira,Amonardia,Amphiascoides,Cletodes,Dactylopusia,Diosaccus,Ectinosoma,Ectinosoma,Esola,Harpacticoida,Harpacticus,Heterolaophonte,Idomene,Laophonte,Laophonte,Longipedia,Laubieria,Loureirophonte,Lourinia,Melima,Melima,Mesochra,Mesochra,Metis,Nannomesochra,Normanella,Orthopsyllus,Orthopsyllus,Parastenhelia,Paradactylopodia,Paralaophonte,Paralaophonte,Paramphiascella,Psyllocamptus,Psyllocamptus,Robertsonia,Robertsonia,Rhyncholagena,Typhlamphiascus,Zausodes;;Harpacticoida;South America,Brazil,Porto de Galinhas;Copepoda;yes;yes;wos:000303449900015
Sören;Brachionus,Helobdella,Heleobia,Dactylobiotus,Uncanylus,Cletocamptus,Sinelobus,Bosmina,Moina,Corophium,Hyalella,Sminthurides,Ceratophysella,Caenis;;;South America,Argentina;;yes;yes;wos:000303943400015
Sören;Scolelepis;Spionidae;;South America,Brazil;Nematode;yes;yes;wos:000306392900002
Sören;Enoplolaimus,Nygmatonchus,Onyx Microlaimus,Omicronema,Promonhysteria,Rhynchonema,Theristus,Odontophora;Thoracostomopsidae,Oncholaimidae,Chromadoridae,Desmadoridae,Microlaimidae,Xyalidae,Axonolaimidae;;South America,Chile;Nematodes;yes;yes;wos:000306842400006
Sören;Arenosetella,Hastigerella,Arenopontia,Psammastacus,Apodopsyllus,Parapseudoleptomesochra,Ameira,Leptastacus,Sewellina;;Harpacticoida;Asia,India;Copepods;yes;yes;wos:000306879200004
Jan;Laophonte,Loureirophonte,Paralaophonte,Amphiascus,Amonardia,Amphiascoides,Amphiascopsis,Paradactylopodia,Ameiropsis,Psyllocamptus,Ameiropsyllus,Ameira,Idomene,Parastenhelia,Orthopsyllus,Mesochra,Tisbe,Scutellidium,Eupelte,Sigmatidium,Ectinosoma,Perissocope,Harpacticus,Dactylopusia,Dactylopodamphiascopsis,Diosaccus,Paramphiascella,Robertgurneya,Robertsonia,Parategastes,Lourinia;;;South America,Brazil,Arraial do Cabo;;yes;yes;wos:000307173100023
Sören;Pseudostomella,Acanthodasys,Tetranchyroderma,Thaumastoderma;Thaumastodermatidae;Macrodasyida;South America,Brazil;Gastrotrichs;yes;yes;wos:000310400300002
Sören;Acanthopharynx,Acaridea,Acoela,Actarjania,Actinonema,Aktedrilus,Ammotheristus,Ampelisca,Amphimonhystera,Anticoma,Apseudes,Araeolaimus,Aricidea,Ascolaimus,Asellopsis,Bathylaimus,Bathyporeia,Brania,Calyptronema,Callianassa,Camacolaimus,Canuella,Capitomastus,Catanema,Catenulida,Cauleriella,Ceramonema,Cirriformia,Cirrophorus,Cobbia,Coralliodrilus,Cypridina,Choniolaimus,Chromadorita,Daptonema,Dasynemoides,Desdemona,Desmodorella,Diodontolaimus,Dispio,Dolicholaimus,Ectinosomatidae,Echiuroidea,Eleutherolaimus,Enchytraeidae,Enoploides,Enoplolaimus,Enoplus,Eurydice,Exogone,Filitonchus,Gastrosaccus,Gastrotricha,Gerlachius,Golfingia,Gonionchus,Grania,Halalaimus,Halammohydra,Halectinosoma,,Haplosyllis,Harpacticus,Hesionides,Heterodrilus,Idotea,Intermedopsyllus,,Klieonychocamptus,Kraspedonema,Laimella,Leptocythere,Linhomoeus,Lysianassidae,,Marylynnia,Mesacanthion,Metachromadora,Metadasynemella,Microlaimus,Microphthalmus,Monoposthia,Notomastus,Novafabricia,Odontophora,Oncholaimellus,Oncholaimus,Onyx,Ophelia,Ototyphlonemertes,Paracomesoma,Paralaophonte,Paralinhomoeus,Paramesonchium,Paramonhystera,Paramonohystera,Parapionosyllis,Pararicia,Pareurystomina,Perinereis,Periquesta,Petitia,Phanodermopsis,Pionosyllis,Platynereis,Pomponema,Pontocrates,Promonhystera,Proseriata,Protodorvillea,Protodrilus,Pseudochromadora,Pseudopolydora,Ptycholaimellus,Rhabdocoela,Rhabdodemania,Rhynchospio,Richtersia,Sabatieria,Scaptrella,Scolelepis,Scoloplos,Schoeredella,Setosabatieria,Siphonolaimus,Southernia,Sphaeroma,Sphaerosyllis,Spio,Spirinia,Streptosyllis,Syllides,Syllis,Synonchiella,Tarvaia,Thalassironus,Tharyx,Theristus,Tisbe,Trefusia,Trileptium,Tryphonema,Tubificidae,Tubiluchus,Urothoe,Vasostoma,Viscosia,Xyala,Microphthalmus;Ectinosomatidae;Tanaidacea,Opheliidae,Lysianassidae,Stenothoidae;Europe,Spain,Tenerife;Not exclusively meiofauna;yes;yes;wos:000312179800008
Sören;;;;Australia,Australia,Woodgate Beach;phyla or class level ID;yes;yes;wos:000316623400007
Sören;;Thalestridae,Tisbidae,Ectinosomatidae,Ameiridae,Laophontidae,Longipediidae,Miraciidae,Porcellidiidae,Unidentified,Harpacticidae,Tegastidae,Cletodidae,Canuellidae,Rhizotrichidae,Canthocamptidae;Cyclopoida,Calanoida,Harpacticoida,Siphonomastoid;Africa,Kenya,Diani Beach;Copepoda;yes;yes;wos:000318980800002
Sören;Acantholaimus,Ascolaimus,Bathylaimus,Bolbolaimus,Camacolaimus,Chaetonema,Chromadora,Chromadorella,Chromadorita,Chromaspirina,Daptonema,Dichromadora,Eleutherolaimus,Enoplolaimus,Eumorpholaimus,Gammanema,Hypodontolaimus,Leptolaimus,Leptonemella,Marylynnia,Mesacanthion,Metachromadora,Metadesmolaimus,Microlaimus,Monoposthia,Neochromadora,Oncholaimellus,Oncholaimus,Onyx,Odontophora,Odontophoroides,Paracanthonchus,Paracyatholaimus,Paralinhomoeus,Pomponema,Promonhystera,Pseudonchus,Richtersia,Rhabdocoma,Rynchonema,Sabatieria,Setosabatieria,Setostephanolaimus,Sigmophoranema,Southernia,Southerniella,Spilophorella,Stephanolaimus,Synonchiella,Synodontium,Theristus,Terschellingia,Trefusia,Trichotheristus,Tripyloides,Trissonchulus,Viscosia,Xyala;Axonolaimidae,Xyalidae;;Europe,Belgium;Nematodes;yes;yes;wos:000319420400006
Sören;Ascolaimus,Bolbolaimus,Cobbia,Daptonema,Dichromadema,Marylynnia,Neochromadora,Nudora,Odontophora,Paracyatholaimus,Pseudosteineria,Pselionema,Sabatieria,Scaptrella,Thalassironus,Theristrus;;;South America,Brazil;Nematoda;yes;yes;wos:000319986800003
Jan;Tricompa,Perepsilonema,Ceramonema,Xyala,Omicronema,Metachromadora,Desmodora,Chromadorita,Pomponema,Tricoma,Calomicrolaimus,Ceramonema,Xyala,Richtersia,Rhynchonema,Sabatiera,Richtersia,Paracyatholaimus,Omicronema,Metachromadora,Chromaspirinia,Epacanthion,Enoploides,Theristus,Pomponema,Gammanema,Adoncholaimus,Dichromadora,Hypodontolaimus,Chromaspirina,Epacanthion,Odontophora,Enoploides,Perepsilonema,Microlaimus,Metachromadora,Chromadorina;;;North America,Mexico;;yes;yes;wos:000320576400140
Sören;;;;South America,Venezuela;phyla or class level ID;yes;yes;wos:000320738600005
Jan;Odontophora,Theristus,Daptonema;;;Europe,Spain,Tenerife;;yes;yes;wos:000321025900001
Sören;Acanthoncus,Actinonema,Anoplostoma,Araeolaimus,Axonolaimus,Choanolaimus,Chromadora,Chromadorita,Chromaspirina,Desmodora,Desmodorella,Dracograllus,Enoploides,Enoplus,Epsilonema,Eurystomina,Haliplectus,Kosswigonema,Linhomoeus,Longicyatholaimus,Marylynnia,Metachromadora,Metaparoncholaimus,Metepsilonema,Metoncholaimus,Microlaimus,Molgolaimus,Neochromadora,Nygmatonchus,Odontophoroides,Onchium,Oncholaimus,Oxystomina,Paracanthoncus,Paracyatholaimus,Perepsilonema,Phanoderma,Prochromadorella,Rhabditis,Rhips,Sabatieria,Southerniella,Spilophorella,Steineria,Subsphaerolaimus,Terschellingia,Theristus,Trefusia,Trileptium,Trissonchulus,Viscosia;Chromadoridae,Desmodoridae,Oncholaimidae,Cyatholaimidae,Selachnematidae,Thoracostomopsidae,Phanodermatidae,Xyalidae,Anoplostomatidae,Axonolaimidae,Comesomatidae,Diplopeltidae,Draconematidae,Enchilidiidae,Epsilonematidae,Haliplectidae,Ironidae,Leptolaimidae,Linhomoeidae,Microlaimidae,Rhabditidae,Enoplidae,Oxystominidae,Subsphaerolaimidae,Trefusiidae;;South America,Brazil;Nematodes;yes;yes;wos:000321393500020
Sören;;;;Europe,England,Scotland;phyla or class level ID;yes;yes;wos:000321692000017
Sören;;;;Europe,Italy,Adriatic Sea;phyla or class level ID;yes;yes;wos:000322301700007
Jan;Actarjania,Ammotheristus,Anticoma,Ascolaimus,Calyptronema,Catanema,Enoplus,Actarjania,Laimella,Kraspedonema,Halalaimus,Gonionchus,Gerlachius,Enoplolaimus,Enoploides,Ceramonema,Diodontolaimus,Metadasynemella,Choniolaimus,Chromadorita,Cobbia,Daptonema,Dasynemoides,Desmodorella,;;;Europe,Spain,Tenerife;;yes;yes;wos:000322575600006
Jan;;;;Europe,Portugal,Olhos de Água;Phylum or class level;yes;yes;wos:000324609600021
Sören;Schizopera,Cletocamptus,Quinquelaophonte,Sarsamphiascus,Parategastes,Enhydrosoma,Metis,Robertsonia,Nitokra,Euterpina,Elaphoidella;Tachidiidae,Ameiridae,Canthocamptidae,Tegastidae,Miraciidae,Cletodidae,Laophontidae,Metidae;Harpacticoida;South America,Colombia;Copepods;yes;yes;wos:000333479900002
Sören;Saccocirrus,Protodrilus,Protodriloides,Ctenodrilus,Polydora,Sabellaria,Pharyngocirrus;Saccocirridae,Protodrilidae,Protodriloididae,Nerilidae;Protodrilida;worldwide;Polychaetes;yes;yes;wos:000335286700016
Sören;Ctenocheilocaris,Derocheilocaris ;;Mystacocaridida;South America,Chile;Mystacocarida;yes;yes;wos:000337761300011
Sören;Anoplostoma,Odontanticoma,Eurystomina,Thalassironus,Trissonchulus,Oncholaimellus,Oncholaimus,Viscosia,Halalaimus,Nemanema,Enoploides,Mesacanthion,Trileptium,Bathylaimus,Lauratonema,Acantholaimus,Chromadorita,Dichromadora,Endeolophus,Innocuonema,Prochromadorella,Marylynnia,Paracyatholaimoides,Chromaspirinia,Desmodora,Eubostrichus,Metachromadora,Molgolaimus,Pseudochromadora,Spirinia,Perepsilonema,Calomicrolaimus,Microlaimus,Latronema,Synonchium,Tricoma,Metadasynemoides,Camacolaimus,Cricolaimus,Cynura,Procamacolaimus,Tubolaimoides,Axonolaimus,Synodontium,Diplopeltula,Southerniella,Desmolaimus,Terschellingia,Diplolaimelloides,Cobbia,Daptonema,Promonohystera,Pseudosteineria,Rhynchonema,Theristus,Xyala,Paramesonchium;Anoplostomatidae,Anticomidae,Enchelidiidae,Ironidae,Oncholaimidae,Oxytominidae,Thoracostomopsidae,Tripyloididae,Lauratonematidae,Chromadoridae,Cyatholaimidae,Desmodoridae,Epsilonematidae,Microlaimidae,Selachinematidae,Desmoscolecidae,Ceramonematidae,Leptolaimidae,Tubolaimoididae,Axonolaimidae,Diplopeltidae,Linhomoeidae,Monhysteridae,Xyalidae,Comesomatida;Chromadorida,Enoplida,Trefusiida,Monhysterida;South America,Brazil;Nematodes;yes;yes;wos:000339366800012
Sören;Halichaetonotus,Heterolepidoderma,Lepidodermella,Xenotrichula,Turbanella,Neodasys,Metadasydytes,Aspidiophorus,Chaetonotus,Musellifer,Cephalodasys,Dactylopodola,Lepidodasys,Macrodasys,Paradasys,Pleurodasys,Ptychostomella;Chaetonotidae,Turbanellidae,;Chaetonotida,Macrodasyida;Europe,Poland;Gastrotrichs;yes;yes;wos:000342341500001
Sören;Crasiella;Planodasyidae;Macrodasyida;South America,Brazil;Gastrotrichs;yes;yes;wos:000342443800002
Sören;Pharyngocirrus,Saccocirrus;Saccocirridae;;South America,Brazil;Polychaetes;yes;yes;wos:000342443800009
Jan;Pseudosteineria,Daptonema,Omicronema,Trichotheristus,Scolelepis;;;South America,Brazil,Laguna;Mostly nematoda;yes;yes;wos:000342443800017
Sören;Scolelepis,Paraprionospio,Prionospio,Parascolelepis;Spionidae;;Asia,China;Polychaetes;yes;yes;wos:000342864800034
Sören;Trissonchulus,Halalaimus,Oxystomina,Wieseria,Enoploides,Mesacanthion,Trileptium,Bathylaimus,Lauratonema,Acantholaimus,Chromadorita,Dichromadora,Endeolophus,Innocuonema,Neochromadora,Parachromadorita,Marylynnia,Paracyatholaimoides,Chromaspirinia,Desmodora,Metachromadora,Perepsilonema,Calomicrolaimus,Microlaimus,Latronema,Synonchium,Metadasynemoides,Haliplectus,Camacolaimus,Cynura,Diodontolaimus,Procamacolaimus,Stephanolaimus,Tarvaia,Axonolaimus,Araeolaimus,Daptonema,Elzalia,Paramonohystera,Pseudosteineria,Rhynchonema,Scaptrella,Theristus,Paracomesoma,Paramesonchium;Enchelidiidae,Ironidae,Oncholaimidae,Oxytominidae,Thoracostomopsidae,Tripyloididae,Lauratonematidae,Chromadoridae,Cyatholaimidae,Desmodoridae,Epsilonematidae,Microlaimidae,Selachinematidae,Ceramonematidae,Leptolaimidae,Tarvaiidae,Axonolaimidae,Diplopeltidae,Xyalidae,Comesomatidae;Enoplida,Trefusiida,Chromadorida,Monhysterida;South America,Brazil;Nematodes;yes;yes;wos:000344325500002
Sören;Myrianida,Branchiosyllis,Brania,Exogone,Salvatoria,Haplosyllis,Odontosyllis,Opisthosyllis,Sphaerosyllis,Syllides,Syllis,Trypanosyllis,Composetia,Namanereis,Neanthes,Nereis,Perinereis,Platynereis,Pseudonereis,Hydroides,Serpula,Spirobranchus,Vermiliopsis,Eunice,Marphysa,Lysidice,Palola,Eulalia,Eumida,Nereiphylla,Phyllodoce,Microphthalmus,Oxydromus,Syllidia,Capitella,Dasybranchus,Heteromastus,Eurythoe,Linopherus,Boccardia,Dipolydora,Dodecaceria,Monticellina,Lumbrineris,Scoletoma,Chrysopetalum,Branchiomaldane,Langerhans,,Loimia,Amphiglena,Sabellaria,Arabella,Polyophthalmus,Naineris,Lepidonotus,Saccocirrus,Protodrilus,Schistomeringos;Syllidae,Nereididae,Serpulidae,Eunicidae,Phyllodocidae,Hesionidae ,Capitellidae,Amphinomidae,Spionidae,Cirratulidae,Lumbrineridae,Chrysopetalidae,Arenicolidae,Terebellidae,Sabellidae,Sabellariidae,Oenonidae,Opheliidae,Orbiniidae,Polynoidae,Saccocirridae,Protodrilidae,Dorvilleidae;;Africa,Egypt;"Mostly Macrofauna; Polychaetes";yes;yes;wos:000345296200016
Sören;;;;Asia,China,Qingdao;phyla or class level ID;yes;yes;wos:000345489800043
Sören;Xyala,Enoploides,Ascolaimus,Paracyatholaimus,Oncholaimus;;Harpacticoida;Australia;;yes;yes;wos:000346221000010
Sören;;;Harpacticoida;Europe,Malta;phyla or class level ID;yes;yes;wos:000346221000012
Sören;Polydontus,Octonchus,Patagonema,Meyersia,Kreisoncholaimus,Adoncholaimus,Thoonchus,Ditlevsenella,;Oncholaimidae,Enchelidiidae;Enoplida;South America,Argentina;Nematoda;yes;yes;wos:000348037500011
Jan;;;;Africa,Egypt,Safaga;Only phylum or class level id;yes;yes;wos:000355922900015
Sören;;;;North America,USA,California;phyla or class level ID;yes;yes;wos:000356075600006
Sören;Tigriopus,Amphiascus;;Tanaidacea,Cumaceae;North America,Gulf of Mexico;Mostly phylum or class Level IDs;yes;yes;wos:000356075600010
Sören;Neocyclops,Cyclopinoides,Euryte,Cerconeotes,Cyclopina,Xenotrichula,Echinoderes,Protoneocyclops,Heterocyclopina,Abrsia;Cyclopidae;Cyclopoida;Asia,South Korea;Mostly Copepods;yes;yes;wos:000362512300007
Jan;;;;Ocenaia,Australia,New South Wales;Only phylum or class level id;yes;yes;wos:000362580300021
Jan;;;;South America,Uruguay,Garzon;Only phylum or class level id;yes;yes;wos:000362604800006
Sören;Corycaeus,Diosaccus,Harpacticus,Huntemannia,Nitokra,Parathalestris,Schizopera,Tisbe;Isotomidae,Onychiuridae,Sminthuridae,Entomobryiidae,Hypogastruridae,Oncaea,Darcythompsoniidae,Laophontidae;Harpacticoida,Calanoida,Cyclopoidea;North America,USA,Washington;Mostly Copepods;yes;yes;wos:000367525900014
Sören;Epsilonema,Axonolaimus,Microlaimus,Theristus,Enoploides,Bathylaimus,Daptonema,Monophostia,Sphaerolaimus,Oncholaimus,Camacolaimus,Viscosia,Eurystomina,Thichotheristus,Rhabdodemania,Terschellingia,Neotonchus,Chromaspirina,Enoplolaimus,Ascolaimus,Paracyatholaimus,Rhynchonema,Desmoscolex,Metachromadora;;;South America,Brazil;Nematoda;yes;yes;wos:000367736100009
Sören;;;;Asia,Japan;phyla or class level ID;yes;yes;wos:000368707900011
Sören;Ascolaimus,Bathylaimus,Bolbolaimus,Chromadorita,Cobbia,Daptonema,Enoplolaimus,Metadesmolaimus,Microlaimus,Neochromadora,Oncholaimus,Paracyatholaimus,Rhips,Rhynchonema,Spilophorella,Theristus,Trichotheristus;Tripyloididae,Xyalidae;;Asia,China;Nematodes;yes;yes;wos:000371073400005
Sören;Epacanthion;Thoracostomopsidae;Enoplida;Asia,China;Nematodes;yes;yes;wos:000372776900006
Sören;Daptonema,Desmoscolex,Halalaimus,Theristus,Viscosia,Euterpina,Macrosetella,Microsetella,Cypridina,Cyprideis;;Harpacticoida;Asia,India,Manakudy Estuary;Nematoda, Copepoda, Ostracoda;yes;yes;wos:000373289200001
Sören;Microlaimus,Prochromadorella,Epacanthion,Paramonhystera,Theristus,Odontophora,Neochromadora,Desmodora,Spirinia,Eubostrichus,Paradesmodora,Graphonema,Paracyatholaimoides,Viscosia,Rhynchonema,Parapinnanema,Psammonema,Marylynnia,Zalonema,Dracognomus,Atrochromadora,Chromaspirina,Trefusia,Pomponema,Perepsilonema,Oncholaimus,Paramo,Metachromadora,Daptonema,Neotonchus,Paracomesoma,Paracanthonchus,Bolbonema,Chromadorella,Chromadorita,Symplocostoma,Epsilonema,Halalaimus,Tricoma,Thalassironus,Stephanolaimus,Stylotheristus,Sabateria,Gomphionema,Innocuonema,Didelta,Cephalanticoma,Dichromadora,Cobbia,Camacolaimus,Dracograllus,Monophostia,Antomicron,Onchium;Epsilonematidae,Desmodoridae,Draconematidae,Ceramonematidae,Cyatholaimidae;;Asia,Maldives;Nematodes;yes;yes;wos:000374250700012
Sören;Acanthodasys,Crasiella,Thaumastoderma,Urodasys,Pseudostomella,Ptychostomella,Diplodasys,Dolichodasys,Mesodasys,Paradasys;Thaumastodermatidae,Planodasyidae;Chaetonotida,Macrodasyida;South America,Brazil;Gastrotrichs;yes;yes;wos:000374979600010
Sören;Trileptium;Thoracostomopsidae,Anoplostomatidae,Phanodermatidae,Anticomidae,Leptosomatidae,Enoplidae;Enoplida;South America,Brazil;Nematodes;yes;yes;wos:000375785100002
Sören;Halolaelaps,Paulacarellus;Halolaelapidae;Mesostigmata;North America,USA,Oregon;Mite, Beach wrack;yes;yes;wos:000378917200001
Sören;Saccocirrus,Claudrilus,Meiodrilus,Protodrilus,Ototyphlonemertes,Stygocapitella,Lindrilus,Megadrilus,Meiodrilus,Nerilla,Hesionura,Hesionides,Hesionura;Otoplanidae,Naididae,Syllidae;Mystacocaridida,Harpacticoida;Atlantic Ocean,Mediterranean Sea;Mostly Polychaeta;yes;yes;wos:000383930500062
Sören;Protodrilus,Polydora,Apodontium,Ascolaimus,Sabatieria,Actinonema,Chromadorina,Chromadorita,Hypodontolaimus;Protodrilidae,Spionidae,Axonolaimidae,Comesomatidae,Chromadoridae;Canalipalpata,Spionida,Cumacea,Araeolaimida,Araeolaimida,Chromadorida;South America,UruguayBrazil;/;yes;yes;wos:000384420900009
Sören;Aegialoalaimus,Southernia,Chromadorella,Chromadorina,Chromadorita,Hypodontolaimus,Innocuonema,Neochromadora,Chronogaster,Dorylaimopsis,Hopperia,Pierrickia,Sabatieria,Longicyatholaimus,Marylynnia,Paracanthonchus,Paracyatholaimus,Chromaspirina,Desmodora,Metachromadora,Calligyrus,Desmoscolex,Pareudesmoscolex,Quadricoma,Spirinia,Comesa,Ethmolaimus,Haliplectus,Antomicron,Camacolaimus,Deontolaimus,Leptolaimoides,Leptolaimus,Procamacolaimus,Microlaimus,Halichoanolaimus,Axonolaimus,Pseudolella,Campylaimus,Southerniella,Anticyathus,Desmolaimus,Eumorpholaimus,Linhomoeus,Metalinhomoeus,Paralinhomoeus,Terschellingia,Diplolaimella,Diplolaimelloides,Monhystera,Thalassomonhystera,Metasphaerolaimus,Parasphaerolaimus,Sphaerolaimus,Amphimonhystera,Cobbia,Daptonema,Elzalia,Linhystera,Paramonohystera,Theristus,Anoplostoma,Calyptronema,Polygastrophora,Symplocostoma,Syringolaimus,Trissonchulus,Adoncholaimus,Oncholaimus,Viscosia,Halalaimus,Oxystomina,Thalassoalaimus,Bathylaimus,Tripyloides,Amphidelus,Aporcelaimus,Dorylaimus,Mesodorylaimus,Doryllium,Proleptonchus,Mylonchulus,Enchodelus,Lenonchium,Aquatides,Nygolaimus,Eudorylaimus,Labronema,Thorneella,Criconemoides,Dolichodorus,Tylenchorhynchus,Paratylenchus,Hirschmanniella,Tylenchus,Cephalenchus,Seinura,Eucephalobus,Mononchoides,Panagrolaimus,Mesorhabditis,Rhabditis;Aegialoalaimidae,Chromadoridae,Chronogasteridae,Comesomatidae,Cyatholaimidae,Desmodoridae,Desmoscolecidae,Ethmolaimidae,Haliplectidae,Leptolaimidae,Microlaimidae,Selachinematidae,Axonolaimidae,Diplopeltidae,Linhomoeidae,Monhysteridae,Sphaerolaimdae,Xyalidae,Anoplostomatidae,Enchelidiidae,Ironidae,Oncholaimidae,Oxystominidae,Tripyloididae,Dorylaimida,Alaimidae,Aporcelaimidae,Dorylaimidae,Leptonchidae,Mylonchulidae,Nordiidae,Nygolaimidae,Qudsianematida,Criconematidae,Dolichodoridae,Hoplolaimidae,Paratylenchidae,Pratylenchidae,Tylenchidae,Tylodoridae,Seinuridae,Cephalobidae,Diplogastridae,Panagrolaimidae,Rhabditidae;Chromadorida,Monhysterida,Enoplida,Dorylaimida,Tylenchida,Aphelenchida,Rhabditida;Asia,China;Nematodes;yes;yes;wos:000387664500008
Sören;Sigmophoranema,Enoplolaimus,Daptonema,Enoploides;;;South America,Brazil;"Nematodes; review";yes;yes;wos:000390198500005
Sören;Atrochromadora,Chromadorita,Daptonema,Enoploides,Bolbolaimus,Araeolaimus,Metachromadora,Enoplolaimus,Bathylaimus,Pontonema,Rhynconema,Pomponema,Molgolaimus ,Paracomesoma,Halalaimus,Monoposthia,Desmodora,Paralongicyathloaimus,Anoplostoma ,Polysigma,Microlaimus,Prochromadora,Comesoma,Chromaspirina,Sabatieria,Pselionema,Rhips,Metalinhomoeus,Graphonema,Trochamus,Trissonchulus,Enoplus,Tricoma,Rhynchonema,Epsilonema,Setoplectus,Paralongicyatholaimus,Axonolaimus,Rhabdodemania;Desmodoridae,Diplopelidae,Leptolaimidae,Xyalidae,Anticomidae,Comesomatidae,Leptosomatidae,Monhysteridae,Oncholaimidae,Cyatholaimidae,Ironidae;;Asia,South Korea,Taean County;Nematoda;yes;yes;wos:000390734600073
Sören;Echiniscoides,Orzeliscus,Batillipes,Batillipes,Pycnophyes,Centroderes,Macrostomum,Condyloderes,Echinoderes;;Cyclorhagida,Kalyptorhynchia,Eukalyptorhynchia,Dalyellioida,Proseriata,Homalorhagida,Acoela;Asia,Singapore;Tardigrada, Kinorhyncha, Platyhelminthes;yes;yes;wos:000393214800002
Sören;Ptycholaimellus,Terschellingia,Halomonhystera,Thoracostoma,Cyartonema,Daptonema,Diplolaimelloides,Metadesmolaimus,Monhystera,Sabatieria,Sphaerolaimus,Theristus;Linhomoeidae,Chromadoridae;;Asia,Iran;Nematodes;yes;yes;wos:000403884900002
Sören;Rectronectes,Archimacrostomum,Antromacrostomum,Bradynectes,Microstomum,Myozona,Paromalostomum,Haplopharynx,Archimonotresis,Pseudostomum,Archiloa,Archilopsis,Monocelopsis,Monocelis,Promonotus,Archimonocelis,Carenscoilia,Cirrifera,Coelogynopora,Stilivannuccia,Bulbotoplana,Dicoelandropora,Itaspiella,Notocaryoplana,Monostichoplana,Otoplanella,Otoplanidia,Parotoplana,Parotoplanina,Philosyrtis,Praebursoplana,Polystyliphora,Nematoplana,Halammovortex,Bresslauilla,Orostylis,Pseudograffilla,Balgetia,Baicalellia,Drepanilla,Hangethellia,Haplovejdovskya,Pogaina,Provortex,Nesite,Adenopharynx,Anthopharynx,Aulopharynx,Doliopharynx,Proceropharynx,Tensopharynx,Trisaccopharynx,Solenopharyngid,Haloplanella,Hoplopera,Pratoplana,Adenorhynchus,Brinkmanniella,Coronhelmis,Listea,Litucivis,Moevenbergia,Promesostoma,Protandrella,Scoliopharyngia,Subulagera,Tvaerminnea,Ciliopharyngiella,Lonchoplanella,Mariplanella,Messoplana,Petaliella,Ptychopera,Proxenetes,Cicerina,Paracicerina,Ptyalorhynchus,Zonorhynchus,Cystiplana,Nigerrhynchus,Aculeorhynchus,Gnathorhynchus,Pterognathus,Neognathorhynchus,Odontorhynchus,Paragnathorhynchus,Psittacorhynchus,Uncinorhynchus,Harenorhynchus,Parautelga,Marirhynchus,Placorhynchus,Acrorhynchides,Danorhynchus,Gyratrix,Limipolycystis,Neopolycystis,Phonorhynchus,Scanorhynchus,Typhlopolycystis,Psammorhynchus,Diascorhynchides,Diascorhynchus,Nematorhynchus,Amphirhynchus,Carcharodorhynchus,Neoschizorhynchus,Paraschizorhynchoides,Proschizorhynchella,Proschizorhynchus,Pseudoschizorhynchoides,Schizochilus,Schizorhynchoides,Thylacorhynchus,Baltoplana,Cheliplana,Cheliplanilla,Karkinorhynchus,Karkinorhynchides,Haplopharynx,Paromalostomum,Antromacrostomum,Myozona,Microstomum,Microstomum,Bulbotoplana,Itaspiella,Otoplanella,Notocaryoplana,Parotoplana,Parotoplanina,Praebursoplana,Nematoplana,Provortex,Pogaina,Proceropharynx,Litucivis,Adenorhynchus,Listea,Promesostoma,Haloplanella,Pratoplana,Lonchoplane,Mariplanella,Petaliella,Messoplana,Ptyalorhynchus,Paracicerina,Cystiplana,Nigerrhynchus,Gnathorhynchus,Marirhynchus,Gyratrix,Neopolycystis,Cheliplana,Diascorhynchides,Karkinorhynchus,Schizochilus,Proschizorhynchus,Schizorhynchoides,Paraschizorhynchoides,Carcharodorhynchus;Psammorhynchidae,Diascorhynchidae,Nematorhynchidae,Schizorhynchidae,Ciliopharyngiellidae,Cicerinidae,Cystiplanidae,Gnathorhynchidae,Koinocystidae,Placorhynchidae,Polycystididae,Dalyelliidae,Graffillidae,Provorticidae,Solenopharyngidae,Typhloplanidae,Promesostomidae,Trigonostomidae,Archimonocelididae,Otoplanidae,Nematoplanidae,Dolichoe,e,Microstomidae,Bulbotoplaninae,Otoplaninae,Parotoplaninae,Adenorhynchinae,Promesostominae,Koinocystididae,Cheliplanidae,Karkinorhynchidae,Monocelididae,Coelogynoporidae,Polystyliphoridae;Catenulida,Proseriata,Dalytyphloplanida,Kalyptorhynchia,Typhlopolycystis,Eukalyptorhynchia,,,Prolecithophora;Europe,Germany,Sylt;Platyhelminthes;yes;yes;wos:000405208200001
Sören;Paracanthonchus,Synonchium,,Metachromadora,Nygmatonchus,Sabatieria,Chromadorina,Thalassomonhystera,,Enoploides,Polysigma,Tripyloides,Chromadorita,Leptolaimidaea,Chromadorella,Odontophora,Phanoderma,Doliolaimus,Hypodontolaimus,Oxystomina,Daptonema,Ptycholaimellus,Terschellingia,Promonhystera,Paramonohystera,Paraethmolaimus,Eumorpholaimus,Oncholaimus,Theristus,Viscosia,Metoncholaimus,Eleutherolaimus,Metalinhomoeus,Rhynchonema,Prochromadora,Bathylaimus,Spilophorella,Onyx;Xyalidae,Chromadoridae;;Asia,Iran;Nematodes;yes;yes;wos:000405720000023
Jan;Terschellingia,Dorylaimopsis,Comesoma;;;South America,Brazil,Araca Bay;;yes;yes;wos:000406435900019
Sören;Thaumamermis,Octomyomermis,Xiphinema,Longidorus Mononchus,Anatonchus,Agamamermis,Hexamermis,Mermis,Ovomermis,Romanomermis,Strelkovimermis;Mermithidae;Dorylaimida;New Zealand;"Nematodes; parasitic";yes;yes;wos:000409213700009
Sören;Actarjania,Anoplostoma,Anticoma,Ascolaimus,Atrochromadora,Axonolaimus,Bathylaimus,Bolbolaimus,Bradylaimus,Camacolaimus,Campylaimus,Ceramonema,Chaetonema,Choanolaimus,Chromadorina,Chromadorita,Chromaspirina,Cobbia,Cyatholaimus,Daptonema,Dasynemoides,Desmodora,Desmolaimus,Desmoscolex,Dichromadora,Ditlevsenella,Dolicholaimus,Doliolaimus,Dorylaimus,Eleutherolaimus,Enoploides,Enoplolaimus,Enoplus,Epsilonema,Ethmolaimus,Euchromadora,Eumorpholaimus,Eurystomina,Filipjevia,Gammanema,Gnomoxyala,Gomphionema,Gonionchus,Graphonema,Halalaimus,Halichoanolaimus,Hypodontolaimus,Innocuonema,Latronema,Lauratonema,Leptolaimus,Linhomoeus,Marylynnia,Megadesmolaimus,Mesacanthion,Mesacanthoides,Metachromadora,Metacyatholaimus,Metadasynemoides,Metalinhomoeus,Metoncholaimus,Meyersia,Microlaimus,Monhystera,Monoposthia,Monoposthioides,Nemanema,Neochromadora,Neotonchus,Odontophora,Omicronema,Oncholaimellus,Oncholaimus,Onyx,Oxystomina,Paracanthonchus,Paracyatholaimus,Paralinhomoeus,Paramonhystera,Pareurystomina,Parodontophora,Phanodermopsis,Polygastrophora,Prochromadora,Prochromadorella,Promonhystera,Prooncholaimus,Pselionema,Pterygonema,Ptycholaimellus,Quadricoma,Retrotheristus,Rhabditis,Rhabdocoma,Rhabdodemania,Rhynchonema,Sabatieria,Siphonolaimus,Sphaerolaimus,Spirinia,Steineria,Synonchium,Syringolaimus,Terschellingia,Theristus,Thoracostomopsis,Trichotheristus,Tricoma,Trileptium,Tripyloides,Trissonchulus,Viscosia,Xyala,Xyzzors;Xyalidae,Thoracostomopsidae;;North America,Mexico,Gulf of Mexico;Nematodes;yes;yes;wos:000413382600023
Sören;Ectinosomatidae,Microphthalmus,Siphonolaimus,Odontophora,Theristus,Daptonema,Pomponema,Oncholaimellus;Ectinosomatidae;Harpacticoida,Mysidacea,Tanaidacea;Europe,Spain,Canary Islands;;yes;yes;wos:000415341600013
Sören;Tetranchyroderma;Thaumastodermatidae;Chaetonotid,Macrodasyid;Asia,South Korea;Gastrotrichs;yes;yes;wos:000415365400006
Sören;Cephalodasys,Dolichodasys,Mesodasys,Paradasys,Pleurodasys,Dactylopodola,Dendrodasys,Dendropodola,Hummondasys,Lepidodasys,Macrodasys,Thaidasys,Urodasys,Crasiella,Megadasys,Planodasys,Anandrodasys,Acanthodasys,Diplodasys,Oregodasys,Pseudostomella,Ptychostomella,Tetranchyroderma,Thaumastoderma,Desmodasys,Dinodasys,Paraturbanella,Prostobuccantia,Pseudoturbanella,Turbanella,Chordodasiopsis,Xenodasys,Neodasys,Aspidiophorus,Chaetonotus,Halichaetonotus,Heterolepidoderma,Caudichthydium,Ichthydium,Lepidodermella,Diuronotus,Musellifer,Draculiciteria,Heteroxenotrichula,Xenotrichula;Cephalodasyidae,Dactylopodolidae,Hummondasyidae,Lepidodasyidae,Macrodasyidae,Planodasyidae,Rhedudasyidae,Thaumastodermatidae,Turbanellidae,Xenodasyidae,Neodasyidae,Chaetonotidae,Muselliferidae,Xenotrichulidae;Macrodasyida,Chaetonotida;worldwide;Gastrotricha;yes;yes;wos:000415365400009
Sören;Coxicerberus,Gyratrix,Derocheilocaris,Corohelmis,Nitochra,Nitocra,Marionina,Aktedrilus,Paraleptastacus,Parastenocaris,Schizopera,Haplovejdovskya,Polygordius,Protodriloides,Protodrilus,Lindrilus,Leptastacus,Saccocirrus;Polygordiidae;;South America,Brazil;;yes;yes;wos:000416778200008
Jan;;;;Asia,India,Mumbai;Only phylum or class level id;yes;yes;wos:000417779200011
Sören;;;Tanaidacea;Europe,Italy;phyla or class level ID;yes;yes;wos:000417867600022
Jan;Paraturbanella;;;North America,Jamaica,Duncans Bay;;yes;yes;wos:000424271500004
Jan;Tryphoema,Rhizothrix;;;Europe,Turkey,Kavakköy;;yes;yes;wos:000428260400028
Jan;Chromaspirina,Daptonema,Metadesmolaimus,Neochromadora,Oncholaimellus,Paracanthonchus,Paracyatholaimus,Promonhystera,Theristus,Trichotheristus,Enoplolaimus,Sigmophoranema,Bolbolaimus;;;Europe,Belgium,De Panne;;yes;yes;wos:000430034100005
Jan;;;;North America,USA,Long Island;Only phylum and class level;yes;yes;wos:000430776400013
Jan;Hesionides,Microphthalmus,Neogyptis,Nerilla,Protodrilus,Pharyngocirrus,Neopetitia,Westheidesyllis;;;South America,Colombia,Magdalena;;yes;yes;wos:000438605300013
Jan;Scolelepis,Pisionidens;;;South America,Costa Rica,Tamandaré Bay;Mostly macrofauna;yes;yes;wos:000439025700012
Sören;Chaetonema,Daptonema,Metachromadora,Paradontophora,Rhynchonema,Xyala,Pselionema;;;North America,Mexico,Todos Santos Bay;Nematoda;yes;yes;wos:000440173400003
Jan;Capitella,Barantolla,Heteromastus,Notomastus,Dasybranchus,Decamastus,Leiohrides;;;Revision;Revision;yes;yes;wos:000446842000007
Sören;Syringolaimus,Dolicholaimus,Halalaimus,Viscosia,Oncholaimus,Bathylaimus,Aegialoalaimus,Spilophorella,Metachromadora,Paralongicyatholaimus,Synonochium,Desmodora,Molgolaimus,Spirina,Leptolaimus,Microlaimus,Bolbolaimus,Desmosolozenia,Haliplectus,Stylotheristus,Theristus ,Paramonhystrea ,Daptonema,Metalinhomoeus,Terschellingia;Ironidae,Oxystominidae,Oncholaimidae,Tripyloididae,Aegialoalaimdae,Chromadoridae,Desmodoridae,Selachinematidae,Cyatholaimidae,Leptolaimidae,Microlaimidae,Desmoscolecidae,Haliplectidae,Xyalidae,Linhomoeidae;Enoplida,Chromadorida,Monhysterida;Asia,Saudi Arabia,Red Sea;Nematoda;yes;yes;wos:000452542900004
Jan;Cephalodasys,Mesodasys,Paradasys,Pleurodasys,Dactylopodola,Macrodasys,Urodasys,Turbanella,Crasiella,Paraturbanella,Thaumastoderma,Planodasys,Acanthodasys,Diplodasys,Pseudostomella,Tetranchyroderma,;;;Asia,India;;yes;yes;wos:000456151500003
Jan;Thaidasys,Macrodasys,Kryptodasys;;;cosmopolitan;;yes;yes;wos:000469318000002
Sören;Daptonema,Theristus,Enoplolaimus,Anoplostoma,Chaetonema,Anticoma,Lauratonema,Trefusia,Adoncholaimus,Oncholaimellus,Oncholaimus,Polygastrophora,Halalaimus,Oxystomina,Bathylaimus,Actinonema,Chromadorita,Dichromadora,Hypodontolaimus,Innocuonema,Neochromadora,Trochamus,Filitonchus,Gomphionema,Nannolaimus,Neotonchus,Longicyatholaimus,Marylynnia,Metacyatholaimus,Nannolaimoides,Paralongicyatholaimus,Pomponema,Praeacanthonchus,Choniolaimus,Gammanema,Catanema,Chromaspirinia,Eubostrichus,Metachromadora,Molgolaimus,Pseudochromadora,Spirinia,Paradraconema,Microlaimus,Spirobolbolaimus,Monoposthia,Nudora,Desmoscolex,Cyartonema,Sphaerolaimus,Ammotheristus,Omicronema,Paramonohystera,Prorhynchonema,Trichotheristus,Eumorpholaimus,Linhomoeus,Metalinhomoeus,Terschellingia,Axonolaimus,Odontophora,Paracomesoma,Sabatieria,Campylaimus,Dagda,Leptolaimus,Aegialoalaimus,Diplopeltoides,Dasynemoides,Metadasynemoides,Pselionema;Chromadoridae,Cyatholaimidae,Desmodoridae,Xyalidae,Thoracostomopsidae,Anoplostomatidae,Anticomidae,Trefusiidae,Oncholaimidae,Enchelidiidae,Oxystominidae,Tripyloididae,Neotonchidae,Selachinematidae,Draconematidae,Microlaimidae,Monoposthidae,Desmoscolecidae,Cyartonematidae,Sphaerolaimidae,Linhomoeidae,Axonolaimidae,Comesomatidae,Diplopeltidae,Leptolaimidae,Aegialoalaimidae,Diplopeltoididae,Ceramonematidae;Enoplida,Chromadorida,Desmodorida,Desmoscolecida,Monhysterida,Araeolaimida,Plectida;South America,Brazil,Caixa d’Água;Nematoda;yes;yes;wos:000472172800001
Jan;Ascolaimus,Chromadorita,Daptonema,Enoplolaimus,Epacanthion,Latronema,Lauratonema,Leptolaimus,Marylynnia,Metachromadora,Microlaimus,Odontophora,Oncholaimus,Paracanthonchus,Paracyatholaimus,Pseudosteineria,Southerniella,Thalassomonhystera,Theristus,Trissonchulus ;;;South America,Brazil,Rio de Janeiro;;yes;yes;wos:000472813500020
Jan;Nitokra;;;;;yes;yes;wos:000474363400041
Jan;paramonohystera;;;Asia,China,Weihai;;yes;yes;wos:000475689200024
Sören;Neodasys,Dactylopodola,Dendropodola,Dendrodasys,Xenodasys,Chordodasiopsis,Pleurodasys,Cephalodasys,Dinodasys,Pseudoturbanella,Paraturbanella,Turbanella,Prostobuccantia,Thaidasys,Urodasys,Macrodasys,Kryptodasys,Lepidodasys,Diplodasys,Oregodasys,Acanthodasys,Pseudostomella,Thaumastoderma,Tetranchyroderma,Anandrodasys,Desmodasys,Hummondasys,Megadasys,Planodasys,Crasiella,Dolichodasys,Paradasys,Mesodasys,Ptychostomella,Hemidasys,Redudasys,Marinellina,Heteroxenotrichula,Draculiciteria,Xenotrichula,Dichaetura,Proichthydium,Proichthydioides,Undula,Cephalionotus,Polymerurus,Arenotus,Caudichthydium,Ichthydium,Aspidiophorus,Heterolepidoderma,Lepidodermella,Fluxiderma,Rhomballichthys,Lepidochaetus,Halichaetonotus,Bifidochaetus,Chaetonotus,Neogossea,Kijanebalola,Anacanthoderma,Ornamentula,Stylochaeta,Dasydytes,Setopus,Haltidytes,Musellifer,Diuronotus;Neodasyidae,Dactylopodolidae,Xenodasyidae,Cephalodasyidae,Turbanellidae,Macrodasyidae,Lepidodasyidae,Thaumastodermatidae,Redudasyidae,Hummondasyidae,Planodasyidae,Xenotrichulidae,Dichaeturidae,Proichthydiidae,Chaetonotidae,Muselliferidae,Neogosseidae,Dasydytidae;Chaetonotida,;;Introduction to Gastrotricha;yes;yes;wos:000481532700011
Sören;Xenotrichula,Xenotrichula,Tetranchyroderma,Macrodasys,Cephalodasys,Lepidodasys,Microlaimus;Lepidodasyidae,Macrodasyidae,Turbanellidae,Thaumastodermatidae,Xenotrichulidae;Macrodasyida and Chaetonotida;South America,Chile;Gastrotricha;yes;yes;wos:000484014600010
Sören;;;;Asia,India,Palk Bay;phyla or class level ID;yes;yes;wos:000485654700005
Sören;Enoploides,Microlaimus,Theristus,Chromadora,Cyatholaimoides,Cyatholaimidae,Daptonema,Eleutherolaimus,Neochromadora,Hypodontolaimus,Odontophora,Metachromadora,Trefusia,Paramonohystera,Bolbolaimus,Ascolaimus,Oncholaimellus,Metalinhomoeus,Cyartonema,Dichromadora,Praeacanthonchus,Cytolaimium,Tubolaimoides,Anoplostoma,Terschellingia,Sabatieria,Linhomoeus,Ptycholaimellus;;;Europe,Netherlands,Schelde;Nematoda;yes;yes;wos:000489940900001
Jan;parapomponema,Parapomponema,Propomponema;;;South America,Brazil,Itapuã;;yes;yes;wos:000493064900005
Jan;Richtersia,Oncholaimus,Paracyatholaimoides,,Bernardius,Axonolaimus,Gammanema,Nudora,Sabatieria,Leptonemella,Eubostrichus,Paracyatholaimoides,Dichromadora,Chromaspirina,Richtersia,Viscosia,Monhysteroides,Oncholaimus,Paracyatholaimoides,Chromaspirina,Nudora,Trochamus,Trefusia,Latronema,Viscosia,;;;South America,Brazil,Todos os Santos Bay;;yes;yes;wos:000499736700010
Jan;Turbanella;;;South America,Brazil,Praia do Cachadaço;;yes;yes;wos:000519115400008
Sören;Archilina,Archimonocelis,Archotoplana,Boreocelis,Coelogynopora,Duplominona,Duploperaclistus,Meidiama,Minona,Monocelis,Monostichoplana,Monotoplana,Nematoplana,Notocaryoplana,Otoplana,Parotoplana,Postbursoplana,Pseudomonocelis,Pseudorthoplana,Vannuccia,Xenotoplana,Brinkmaniella,Brunetia,Brunetorhynchus,Byrsophlebs,Carcharodorhynchus,Ceratopera,Cheliplana,Cystiplex,Drepanorhynchides,Duplacrorhynchus,Gallorhynchus,Gyratrix,Itaipusa,Koinocystidid,Kymocarens,Kytorhynchus,Lagenopolycystis,Limipolycystis,Limirhynchus,Lonchoplanella,Messoplana,Nigerrhynchus,Paulodora,Pogaina,Procerodes,Progyrator,Promesostoma,Proschizorhynchella,Proschizorhynchus,Protandrella,Rogneda,Solenopharyngid,Tenerrhynchus,Theama,Claudrilus,Ctenodrilus,Hesionura,Macrochaeta,Megadrilus,Meiodrilus,Mesonerilla,Microphthalmus,Nerillidium,Pisione,Protodrilus,Saccocirrus,Amphiscolops,Diopisthoporus,Eumecynostomum,Faerlea,Haplogonaria,Haploposthia,Heterochaerus,Isodiametra,Kuma,Mecynostomum,Oligofilomorpha,Parahaploposthia,Paramecynostomum,Philactinoposthia,Praeaphanostoma,Proaphanostoma,Solenofilomorpha,Symsagittifera,Flagellophora,Sterreria,Acanthodasys,Aspidiophorus,Aspidiophorus,Chaetonotus,Crasiella,Diplodasys,Halichaetonotus,Heterolepidoderma,Heteroxenotrichula,Macrodasys,Megadasys,Mesodasys,Oregodasys,Paraturbanella,Pseudostomella,Tetranchyroderma,Thaumastoderma,Urodasys;Otoplanidae,Graffilidae;Rhabdocoela;Europe,Italy,Asinara;/;yes;yes;wos:000529220100002
Jan;Diurodrilus,Micropthalmus,Kuma,Anaperus,Sterreria,Paratomella,Retronectes,Microstomum,Paramyozonaria,Thylacorhynchus,Lehardyia,Cheliplana,Diopisthoporus,Carcharodorhynchus,Diopisthoporus,Praeconvoluta,Hesiolicium,Cystiplana,Cheliplanilla,Microstomum,Coelogynopora,Lehardyia,Karkinorhynchus,Carolinorhynchus,Proschzorhynchus,Myozona,Psammomacrostomum,Paramalostomum,Haplopharynx,Archimonotresis,Plagiostomum,Cirrifera,Prosogynopora,Nematoplana,Polystyliphora,Kataplana,Phyllosyrtis,Coronhelmis,Promesostoma,Placorhynchus,Placorhynchus,Drepanorhynchides;;;North America,USA,North Carolina;Mostly Platyhelminthes;yes;yes;wos:000551236100001
Sören;Parodontophora,Sabatieria,Campylaimus,Chromadora,Chromadorita,Spilophorella,Pomponema,Halichoanolaimus,Polysigma,Metachromadora,Bolbolaimus,Anoplostoma,Polygastrophora,Deontostoma,Metacylicolaimus,Adoncholaimus,Oncholaimus,Prooncholaimus,Metoncholaimus,Halalaimus,Oxystomina,Tripyloides,Anticyathus,Linhomoeus,Megadesmolaimus,Metalinhomoeus,Terschellingia,Diplolaimella,Monhystera,Astomonema,Parasphaerolaimus,Sphaerolaimus,Subsphaerolaimus,Cobbia,Daptonema,Linhystera,Retrotheristus,Steineria,Theristus,Camacolaimus,Procamacolaimus,Stephanolaimus,Antomicron,Leptolaimus;Axonolaimidae,Comesomatidae,Diplopeltidae,Chromadoridae,Cyatholaimidae,Selachinematidae,Desmodoridae,Microlaimidae,Anoplostomatidae,Enchelidiidae,Leptosomatidae,Oncholaimidae,Oxystominidae,Tripyloididae,Linhomoeidae,Monhysteridae,Siphonolaimidae,Xyalidae,Camacolaimidae,Leptolaimidae;Araeolaimida,Chromadorida,Desmodorida,Enoplida,Monhysterida,Plectida;Asia,Taiwan;Nematoda;yes;yes;wos:000556931000001
Jan;Actinonema,Camacolaimus,Chromadora,Chromadorina,Cyatholaimus,Daptonema,Desmodora,Dichromadora,Doliolaimus,Eleutherolaimus,Enoploides,Enoplolaimus,Eumorpholaimus,Graphonema,Haliplectus,Hypodontolaimys,Metachromadora,Metalinhomoeus,Metoncholaimus,Nygmatonchus,Odontophora,Oncholaimus,Onyx,Paracanthonchus,Paraethmolaimus,Paramonhystera,Phanoderma,Polysigma,Pomponema,Prochromadora,Promonhystera,Ptycholaimellus,Rhynchonema,Sabateria,Spilophorella,Spirinia,Thalassomonhystera,Theristus,Terschellingia,Tripyloides,Viscosia,Xenolaimus;;;Asia,Iran,Bandar Abbas;;yes;yes;wos:000578967500006
Jan;daptonema;;;Asia,China,zhuhai;;yes;yes;wos:000613095500004
Jan;;;;Africa,Egypt,Alexandria;Phylum or class level;yes;yes;wos:000629613100001
Jan;;;;South America,Colombia;Only phylum or class level id;yes;yes;wos:000639510000001
Sören;Isias,Parabradya,Archiloa,Kataplana,Microstomum,Nematoplana,Turbanella,Protodriloides,Scolelepsis,Ascolaimus,Bathylaimus,Daptonema,Enoplolaimus,Eubostrichus,Neochromadora,Omicronema,Oxyonchus,Xyala;;;Europe,Germany,Spiekeroog;Mostly nematoda;yes;yes;wos:000647461400001
Jan;Daptonema,Chromadorita,Paracyatholaimus,Trichotheristus,Paracyatholaimus,Chromadorita,Daptonema,Theristus,Rhynchonema,Nudora,Axonolaimus,Prorhynchonema,Ascolaimus,Bathylaimus,Omicronema,Rhynchonema,Xyalia,Chromadora,Metoncholaimus,Enoplolaimus;;;South America,Brazil,Salinopolis;Mostly nematoda;yes;yes;wos:000651797100008
Jan;Enoplolaimus;;;Asia,South Korea,Mallipo;;yes;yes;wos:000661570500005
Jan;Terschellingia,Anoplostoma,Desmodora,Daptonema,Viscosia,Spirinia,Omicronema,Paracanthonchus;;;South America,Brazil,São Paulo;;yes;yes;wos:000668855700001
Jan;Setostephanolaimus;;;Asia,China,Rizhao;;yes;yes;wos:000679182500002
Jan;Nitokra;;;South America,Brazil,Santos;;yes;yes;wos:000685350700002
Sören;;Anisolabidae,Brachycera,Brachycera,Caprellidae,Carabidae,Carabidae,Coelopidae,Enchytraeidae,Hydrophilidae,Hypogastruridae,Idoteidae,Ligiidae,Lycosidae,Muscidae,Pisauridae,Ptiliidae,Staphylinidae,Talitridae,Tipulidae;;Europe,Ireland,Donegal;Mostly Macrofauna;yes;yes;wos:000705289500006
Jan;Tigriopus;;;Asia,Thailand,Namsai;;yes;yes;wos:000707661900005
Jan;Helmutkunzia,Pseudobalucopsylla;;;Asia,China,Xiamen;;yes;yes;wos:000709728900001
Jan;Euchromadora,Rhabditis,Halomonhystera,Pellioditis,Geomonhystera,;;;Europe,Germany,Poole Harbour;;yes;yes;wos:000714972700004
Jan;Parexogone,Prosphaerosyllis,Sphaerosyllis,Syllis,Perkinsyllis,Megasyllis,Syllis,Streptospinigera;;;Entire Indo-Pacific;;yes;yes;wos:000733843400001
Jan;;;;Antarctica,Admiralty Bay;Only phylum or class level id;yes;yes;wos:000737586600001
Jan;Aegialoalaimus,Halalaimus,Haliplectus,Pierrickia,Pierrickia,Terschellingia,Terschellingia,Wieseria,Ammotheristus,Ammotheristus,Ascolaimus,Axonolaimus,Daptonema,Daptonema,Daptonema,Elzalia,Monhystera,Monhystrella,Monhystrella,Omicronema,Parodontophora,Sabatieria,Sabatieria,Scaptrella,Setosabatieria,Setosabatieria,Stygodesmodora,Theristus,Theristus,Theristus,Acantholaimus ,Acantholaimus,Chromadora,Chromadorella,Chromadorella,Chromadorita,Chromadorita,Desmodora,Desmodora,Desmodora,Desmodora1,Dichromadora,Dorylaimopsis,Dorylaimopsis,Endelophos,Euchromadora,Euchromadora,Gomphionema,Graphonema,Hopperia,Laimella,Longicyatholaimus,Marylinnia,Marylinnia,Metacyatholaimus,Metacyatholaimus,Neochromadora,Neochromadora,Parachromadorita,Paracyatholaimus,Paralongicyatholaimus,Prochromadorella,Ptycholaimellus,Rhinema,Rhips,Spilophorella,Steineridora,Trochamus,Adoncholaimus,Bathyeurystomina,Belbolla,Halichoanolaimus,Halichoanolaimus,Meyersia,Metachromadora,Onyx,Paramesacanthion,Pomponema,Pomponema,Praecanthonchus,Prooncholaimus,Syringolaimus,Viscosia,Viscosia;;;Asia,Maldives;Nematoda;yes;yes;wos:000744239900004
Jan;Scolelepis;;;Europe,Germany,Helgoland;;yes;yes;wos:000751777500001
Sören;;;;North America,Canada,Calvert Island;phyla or class level ID;yes;yes;wos:000788505300001
Jan;Draculiciteria,Xenotrichula,Heteroxenotrichula;;;South America,Brazil;;yes;yes;wos:000825245000001
Jan;Axnolaimus,Graphonema,Oncholaimus,Theristus,Enoploides,Enoplus,Enoplolaimus,Epsilonema,Halomonhystera,Daptonema,Paracanthonchus,Prochromadorella;;;Africa,Egypt,Alexandria;;yes;yes;wos:000838641100001
Sören;;;;Asia,Pakistan,Karachi;Foraminifera;yes;yes;wos:000848242500015
Jan;;;;Asia,China,Sishili Bay;Only phylum or class level id;yes;yes;wos:000853038000032
Jan;ingolfiella;;;Review - no locations;;yes;yes;wos:000857559300003
Sören;;;;Europe,Netherlands,Katwijk;Foraminifera;yes;yes;wos:000858642700004
Jan;Branchiomaldane,Capitella,Mediomastus,Caulleriella,Cirriformia,Ctenodrilus,Dodecaceria,Prionospio,Salvatoria,Syllis,Syllides,Brania,Scolelepis,Serpula,Dipolydora,Pisione,Hydroides,Kirkegaardia,Saccocirrus,Fabricia,Pharyngocirrus,Amphiglena,Dorvillea,Platynereis,Naineris,Amphicorina,Claudrilus,Protodorvillea,Hesionides,Microphthalmus,Oxydromus,Alitta,Namanereis,;;;Africa,Egypt,Alexandria;;yes;yes;wos:000862843900001
Jan;sphaerosyllis;;;Asia,India,Visakhapatnam;;yes;yes;wos:a19668145700006
Jan;Eteonides,Hesionides,Eusyllis,Parapionosyllis,Sphaerosyllis,Petitia,Goniadides;;;Asia,India,Visakhapatnam;;yes;yes;wos:a19679066300002
Jan;Acanthodasys,Macvodasys,Urodasys,Thaumastoderma,Tetranchyroderma,Pseudostomella,Xenotriehula,Chaetonotus,Aspidophorus,;;;Asia,India,Visakhapatnam;;yes;yes;wos:a1967a644200006
Jan;Polygordius,Protodrilus,Saccocirrus,Nerilla,Nerillidium,Diurodrilus,Trilobodrilus,Dinophilus,;;;Asia,India,Visakhapatnam;;yes;yes;wos:a1968a987900004
Jan;Paradasys,Mesodasys,Macrodasys,Turbanella,Paraturbanella,Dactylopodalia,Tetranchyroderma,Diplodasys,Xenotrichula;;;Asia,India,Visakhapatnam;;yes;yes;wos:a1968b113400001
Sören;Echinoderella,Apseudes;;Harpacticoida;Asia,India,Porto Novo;Mostly phylum or class level IDs;yes;yes;wos:a1968c216000009
Jan;Paromalostomum,Haplopharynx;;;Europe,Germany,Sylt;;yes;yes;wos:a1969d805000006
Jan;Microphtalmus,Hesionides;;;Africa,South Africa;;yes;yes;wos:a1969d905800004
Jan;Turbanella,Paradasys,Paraturbanella,Urodasys,Acanthodasys,Turbanella,Cephalodasys,Neodasys,Macrodasys,Pseudostomella,Tetranchyroderma,Lepidodasys;;;Europe,Germany,Sylt;;yes;yes;wos:a1969e344300002
Jan;Arenosetella,Stigmatidium,Horsiella,Arenopontia,Psammopsyllus,Sewellina,Paramesochra,Neocyclopina,Arenocyclopina,Leptopsyllus,Schizopera,Parapseudoleptomesochra,Nitocra,Kleionychocamptoides,Asellopsis,;;;Asia,India,Visakhapatnam;;yes;yes;wos:a1969f954000002
Jan;Acrorhynchides,Gyratrix,Gyratricella,Scanorhynchus,Danorhynchus,Neopolycystis,Polycystis,Karkinorhynchus,Cheliplana,Diascorhynchides,Rhinepera,Diascorhynchus,CheliplanilIa,Baltoplana,Nematorhynchus,Thylacorhynchus,Carcharodorhynchus,Neoschizorhynchus,Limirhynchus,Amphirhynchus,Schizochilus,Pseudoschizorhynchoides,Paraschizorhynchoides,Schizorhynchoides,Proschizorhynchus,Prognathorhynchus,Aculeorhynchus,Neognathorhynchus,Psittacorhynchus,Uncinorhynchus,Odontorhynchus,Gnatborhynchus,Placorhynchus,Phonorhynchus,Typhlopolycystis,Zonorhynchus,Ptyalorhynchus,Cicerina,Paracicerina,Limipolycystis,Psammorhynchus,Utelga,Parautelga,Marirhynchus,Cystiplana,Nigerrhynchus,;;;Europe,Germany,Sylt;;yes;yes;wos:a1970h461900007
Jan;Stygocapitella;;;Europe,Germany,Sylt,Norway,Tromso,Francer,Archachon,Denmark,Simrishamn,Tunisia,Tunis,Romania,Stalin;;yes;yes;wos:a1970h987700006
Jan;Halectinosoma,Tachidius,Microarthridion,Stenhelia,Pseudostenhelia,Apodopsyllus,Mesochra,Nannopus,Limnocletodes;;;Asia,India,Porto Novo;;yes;yes;wos:a1971k210000005
Jan;;;;Europe,England,Whitesand Bay;Only phylum or class level id;yes;yes;wos:a1972l728600001
Jan;Arenosetella,Intermedopsyllus,Kliopsyllus,Remanea,Evansula,Leptastacus,Psammotopa,Rhizotrix,Paraleptastacus;;;Europe,England,Whitsand Bay,cornwall;;yes;yes;wos:a1972m450400004
Sören;Batillipes,Pseudostomella;;;Europe,England,Cornwall;Mostly phylum or class level IDs;yes;yes;wos:a1972m450400005
Jan;Arenosetella,Intermedopsyllus,Kliopsyllus,Remanea,Evansula,Leptastacus,Psammotopa,Rhizotrix,Paraleptastacus;;;Europe,England,Whitsand Bay,cornwall;;yes;yes;wos:a1972n318300001
Jan;Arenosetella,Intermedopsyllus,Kliopsyllus,Remanea,Evansula,Leptastacus,Arenocaris,Psammotopa,Rhizothrix;;;Europe,England,Whitsand Bay,cornwall;;yes;yes;wos:a1972n318300002
Jan;Chaetonotus,Turbanella,Paraturbanella,;;;North America,USA,San Juan Archipelago;;yes;yes;wos:a1972n951300010
Jan;Odontophora,Theristus,Cobbia,Gonionchus,Xyala,Siphonolaimus,Metachromadora,Microlaimus,Dasynemella,Trefusia,Gairleanema,Rhabdodemania,Trileptium;;;Europe,Scotland,Firemore Bay;;yes;yes;wos:a1973q131500002
Sören;;;;;Can't find paper;yes;yes;wos:a1974t261900004
Sören;Tripyloides,Nannolaimoides,Spirinia,Theristus,Apodopsyllus,Robertsonia,Amphiascoides,Psyllocamptus,Paramonhystera;;Harpacticoida;North America,Bermuda;Nematoda & Copepoda;yes;yes;wos:a1974u095100004
Sören;Hesidiones,Petita,Phallodrilus,Loxosomella,Pectinaria,Protodrilus,Diurodrilus,Derocheilocaris,Batillipes;Halacaridae,Epsilonemidae;Harpacticoida,Mystacocarida;Asia,Lebanon;/;yes;yes;wos:a1974u524100001
Jan;Batillipes;;;North America,USA,New York City;;yes;yes;wos:a1975ak67800007
Sören;Noodtiella,Psammotopa,Psyllocamptus,Pseudoleptomesochrella,Interleptomesochra,Leptastacus;Ectinosomatidae,Diosaccidae,Ameiridae,Cylindropsyllidae;Harpacticoida;North America,USA,North Carolina;Copepoda;yes;yes;wos:a1975ba92300001
Sören;;;;Mediterranean Sea;Meiofauna was only counted;yes;yes;wos:a1976be58700011
Jan;;;;Asia,China,HongKong;Only phylum or class level id;yes;yes;wos:a1976ca95000004
Jan;Retronectes;;;Europe,Germany,Sylt;;yes;yes;wos:a1976cq21500003
Jan;Chitwoodia;;;Europe,Scotland,Firth of Clyde;;yes;yes;wos:a1976cs35000008
Jan;Leptolaimus,Cyartonema,Theristus,Paramicrolaimus,Chromaspirina,Sabatieria;;;Europe,Scotland,;;yes;yes;wos:a1977de28600005
Jan;Hesionides;;;Asia,India,Andaman Islands;;yes;yes;wos:a1977ee69300002
Jan;Trefusia,Nannolaimoides,Comesoma,Paramonohystera,Dasynemoides,Paralinhomoeus,Eubostrichus,Trileptium,Theristus,Chromadorella,Tubolaimoides,Paracomesoma,Metalinhomoeus,Paralongicyath.,Pareurystomina,Bathylaimus,Anticoma,Paracyatholaimus,Spirinia,Dichromadora;;;North America,Bermuda;;yes;yes;wos:a1977eg23400001
Sören;;;;Africa,South Africa,Port Elizabeth;phyla or class level ID;yes;yes;wos:a1977ep91800001
Sören;;;;Africa,South Africa,Port Elizabeth;phyla or class level ID;yes;yes;wos:a1977ep91800002
Jan;Hesionides,Trilobodrilus;;;Europe,Germany,Sylt;;yes;yes;wos:a1978eq99000003
Jan;Asellopsis,Arenosetella,Paraleptastacus,Arenocaris,Kliopsyllus,Cephalodasys,Pseudostomella,Thiodasys,Neodasys,Turbenella;;;Europe,England,Isle of Man;;yes;yes;wos:a1978ft18800005
Sören;Protodrilus,Arenopontia,Psammopsyllus,Hastigerella,Noodtiella;;Harpacticoida;Asia,India,Cochin;Mostly Copepoda;yes;yes;wos:a1978gc25000003
Sören;;;;;Can't find paper;yes;yes;wos:a1980ju74800002
Sören;Derocheilocaris,Arenosetella,Arenopontia;;;Africa,South Africa;Also phyla level IDs;yes;yes;wos:a1980ke39300004
Sören;Eteona,Glycinde,Exogone,Microphthalmus,Polydora,Tharyx,Capitella,Glycera,Potamilla,Haploscoloplos,Macoma,Mytilus,Hypsibius,Hrpacticus,Nannopus,Rhizotrix,Mesochra,Halectinosoma,Heterolaophonte,Paralaophonte,Microarthridion,Danielssenia,Stenhelia,Paradactylopodia,Tisbe;Phyllodocidae,Goniadidae,Syllidae,Spionidae,Cirratulidae,Capitellidae,Glyceridae,Sabellidae,Orbiinidae;;North America,USA,Alaska;Mostly Copepoda, some Macrofauna;yes;yes;wos:a1980mt06300006
Jan;Diurodrilus;;;Europe,Germany,Sylt;;yes;yes;wos:a1981lv40300006
Jan;Enoplolaimus,Mesacanthion,Axonolaimus,Hastigerella,Kliopsyllus,Leptastacus,Arenopontia,Enoplolaimus,Tricoma,Latronema,Enoplus,Syrnplocostoma,Bathylaimus,Praeleptomesochra,Cynura,Paracyatholairnus,Cyatholaimus,Phanodermopsis,Oxyonchus,Enoploides;;;Africa,South Africa,west coast;;yes;yes;wos:a1981lx13200006
Jan;Notocaryoplanella,Protodriloides,Dinophilus,Microphthalmus,Stygocapitella;;;Europe,Germany,Sylt;;yes;yes;wos:a1981mb76000006
Sören;;;;Africa,South Africa;phyla or class level ID;yes;yes;wos:a1981mn83900002
Sören;;;;Africa,South Africa;phyla or class level ID;yes;yes;wos:a1982nf92200012
Sören;Arenopontia,Evansula,Arenosetella,Huntemannia,Nannopus,Heterolaophonte,Paronychocamptus,Esola,Stenocaris,Leptastacus;Cletodidae,Cylindropsyllidae,Thalestridae,;;Europe,England,Scotland;Copepoda;yes;yes;wos:a1982nu75400017
Sören;;;;Africa,South Africa,Port Elizabeth;phyla or class level ID;yes;yes;wos:a1982pa50900005
Sören;;;;;Could not get access;yes;yes;wos:a1982pf36300005
Jan;Viscosia,Triploides,Theristus,Terschellingia,Symplocostoma,Steineria,Spilophorella,Sphaerolaimus,Solenolaimus,Siphonolaimus,Sabatieria,Paratripyloides,Paraterschellingia,Parascolaimus,Parapomponema,Paramonhystera,Paralinhomoeus,Paracyatholaimus,Paracanthonchus,Oxystomina,Oxyonchus,Onckolaimus,Odontophora,Neotonchus,Neochromadora,Monoposthia,Monhystera,Microlaimus,Metalinhomoeus,Mesotheristus,Mesacanthion,Linhomoeus,Leptolaimus,Lauratonema,Innocuonema,Halsoanolaimus,Halalaimus,Eurystomina,Euchromadora,Eleutherolaimus,Ehynchonema,Diplolaimella,Didelta,Desmolaimus,Denticulella,Cytolaimium,Cylindrotheristus,Cyatholaimus,Cobbia,Chromadorina,Bolbella,Rhabdocoma,Rhabditis,Bathylaimus,Axonolaimus,Areolaimus,Aponchium,Anticoma,Anoplostoma,Acanthonchus;;;North America,USA,Vancouver Island;;yes;yes;wos:a1983qc75500008
Jan;Asellopsis,Canuella,Kliopsyllus,Paraleptastacus,Halectinosoma,Heterolaophonte,Paronychocamptus,Paralaophonte,Huntemannia,Rhizothrix,Enhydrosoma,Mesochra,Intermedopsyllus,Apodopsyllus,Amphiascoïdes,Schizopera,Amphiascus,Bulbamphiascus,Robertsonia,Stenhelia,Parastenhelia,Pseudobradya,Tachidius,Microarthridion,Thompsonula,Harpacticus,Tisbe,Parathalestris,Dactylopodia;;;Europe,France,Brouennou;;yes;yes;wos:a1983rg94400011
Sören;;;;Africa,Kenya;phyla or class level ID;yes;yes;wos:a1984acd7000010
Sören;;;;Asia,India,Goa;phyla or class level ID;yes;yes;wos:a1984sr94400009
Sören;Turbanella,Monocelopsis,Neodasys;;;Europe,Ireland;/;yes;yes;wos:a1984tt93300005
Jan;Amphiascus,Paralaophonte,Harpacticus,Laophonte,Tegastes,Amphiascopsis,Tisbe,Dactylopodia,Rhynchothalestris,Ameira,Eudactylopus,Paralaophonte,Diosaccus,Euterpina,Laophonte,Echinolaophonte,Rhynchothalestris,Ectinosoma,Alteutha,Stenhelia,Diagoniceps,Parathalestris,Acrenhydrosoma,Paradactylopodia,Diarthrodes,Orthopsyllus,Amonardia,Phyllothalestris,Pseudonychocamptus,Dactylopodia;;;North America,USA,Los Angeles;;yes;yes;wos:a1986ayw6900006
Jan;Echinoderes;;;North America,USA,Gulf of Mexico;;yes;yes;wos:a1986d888400005
Jan;Nemertinoides,Meara,Flagellophora,Ototyphlonemertes;;;North America,USA,between New Brunswick and Massachusetts;/;yes;yes;wos:a1987g844700009
Sören;Leptopsyllus,Apodopsyllus,Miopsyllus,Intermedopsyllus,Mesochra,Itunella,Evansula,Stenocaris,Stenocaris,Leptastacus,Paraleptastacus,Psarnmastacus,Leptopontia,Arenopontia,Cylindropsyllidae,Enhydrosoma,Rhizothrix,Huntemannia,Tryphoerna,Heterolaophonte,Paronychocarnptus,Asellopsis,Mieonychocamplus,Laophontopsis,Metis,Pseudoleptomesochrella,Psyllocamptus,Sarsameira,Canuella,Halectionosoma,Pseudobradya,Arenosetella,Tachidius,Microarthridion,Thompsonula,Harpacticus,Tisbe,Alteutha,Parathalestris,Diarthrodes,Dactylopodia,Parastenhelia,Stenhelia,Diosaccus,Robertsonia,Amphiascus,Bulbamphiascus,Arnphiascoides,Haloschizopera,Schizopera,Protopsammotopa;;;Europe,France,Brittany;Copepoda;yes;yes;wos:a1988m200000001
Sören;;;;Africa,South Africa,Algoa Bay;phyla or class level ID;yes;yes;wos:a1988q463800004
Jan;Canuella,Pseudobradya,Parathalestris,Amphiascus,Evansula,Bulbamphiascus,Amphiascoides,Enhydrosoma,Rhizothrix,Heterolaphonte,Asellopsis,Leptopontia,Arenocaris,Psammastacus,Paraleptastacus,Leptastacus,Ameira,Evansula,Nitocra,Mesochra,Leptopsyllus,Itunella,Apodopsyllus,Kliopsyllus,Intermedopsyllus,Schizopera,Psammastacus,Halectinosoma,Arenosetella,Hastigerella,Tachidius,Microarthridion,Microarthridion,Thompsonula,Stenhelia,Robertsonia;;;Europe,France,northwest coast of Brittany,Europe,Ireland,Galway;;yes;yes;wos:a1989ap23400008
Jan;Namibnema,Axonolaimus,Nicascolaimus,Odontophora,;;;Africa,South Africa;/;yes;yes;wos:a1989aq67400007
Sören;;;;Africa,Namibia;phyla or class level ID;yes;yes;wos:a1989u075600003
Sören;;;;Asia,India,Lakshadweep Island;phyla or class level ID;yes;yes;wos:a1990eu96800001
Jan;;;;Asia,India,Gopalpur;Only phylum or class level id;yes;yes;wos:a1990eu96800002
Sören;Tisbe;;;Europe,Germany,Helgoland;Microalgal decomposition by Bacteria;yes;yes;wos:a1990fl48900008
Jan;Harpacticusflexus,Robertsonia,Amphiascoides,Kliopsyllus,Paralepastacus,Asellopsis;;;Europe,France,northwest coast of Brittany;/;yes;yes;wos:a1991fa88800008
Sören;Heterolaophonte;;;Europe,Iceland;phyla or class level ID;yes;yes;wos:a1991fm41400005
Jan;Hesionides,Hesionura,Saccocirrus,Microphthalmus,Parapionosyllis,Syllides,Protodrilus,Sphaerosyllis,Paradoneis;;;Europe,Spain,Valencia;Annelids;yes;yes;wos:a1991fz25700024
Juli;Pisione;;;America,USA,California,Sonoma,Costal Beeaches;/;yes;yes;wos:a1991gb01300002
Sören;;;;Africa,South Africa,Algoa Bay;Only Phylum or class level IDs;yes;yes;wos:a1991gg00900006
Jan;Canuella,Longipedia,Ectincsoma,Harpacticus,Tisbe,ldyella,Kliopsyllus,Cletodes,Enhydrosoma,Laophontina,Laophantopsis,Normanella,Laophontodes,Pseudolaophonte,Esola,Asellopsis,Tryphoema,Rhizothrix,Huntemannia,Stylicletodes,Sconopsyllus,Stenocaris,Arenotopa,Notopantia,Paraleptastacus,Leptastacus,Psammocamptus,Mesopsyllus,Heteropsyllus,Mesochra,Tetragoniceps,Phyllopodopsyllus,Dianhrodella,Apodopsyllus,Leptopsyllus,Paramesochra,Ameiropsyllus,Parevansula,Amphiascoides,Sarsameira,Pseudameira,Ameiropsis,Psyllocamptus,Proameira,Ameira,Helmutcunzia,Rhyncholagena,Typhlamphiascus,Bulbamphiascus,Amonardia,Haloschizopera,Tachidiella,Amphiascus,Stenhelia,Dactylopusia,Rhynchothalestris,Diarthrodes,Alteutha,Halectinosoma,Pseudobradya,Sigmatidium,Halophytophilus,Arenosetella,Hastigerella,Lineosoma,Tachidius,Thompsonula,;;;Europe,France,Saint-Brieuc;;yes;yes;wos:a1992kq50000009
Sören;Pellioditis,Monhystera;Monhysteridae;;Antarctica,King George Island,Admiralty Bay;Nematodes;yes;yes;wos:a1993ld82400007
Sören;Neochromadora,Desmodora,Metachromadora,Chromadorita,Theristus,Stenhelia ,Halectinosoma ,Longipedia ,Scottolana ,Nitocra,Paraheteromastus,Prionospio,Sabella,Pisione,Diopatra,Onuphis;Chromadoridae,Desmodoridae,Monhysteridae,Comasomatidae;;Asia,India,Goa;Polychaeta, Nematoda, Copepoda;yes;yes;wos:a1993lr63300006
Jan;Neocyclops,Eurycyclops,Pareuryte,Protoneocyclops,Neocyclops,Halicyclops,Procyclopina,cyclopina,Cuipora,;;;South America,Brazil,Codo beach;Copepods;yes;yes;wos:a1993mf26600003
Jan;Cyclopina;;;South America,Brazil;/;yes;yes;wos:a1994ny77300006
Sören;Haliplectus,Rhynchonema,Endeolophos,Microlaimus,Paracyatholaimus,Metepsilonema,Rhabditis,Latronema,Viscosia,Microlaimus,Dolicholaimus,Endeolophos,Oncholaimus,Haliplectus,Theristus,Trefusia,Calomicrolaimus,Dorylaimus,Synonchium,Chromaspirinia,Bathylaimus,Trileptium,Litinium ,Eurystomina,Tricoma,Halalaimus,Eubostrichus;Xyalidae,Haliplectidae,Chromadoridae,Microlaimidae,Oncholaimidae,Selachinematidae,Epsilonematidae,Cyatholaimidae,Rhabditidae,Oxystominidae,Ironidae,Thorastomopsidae,Dorylaimidae,Spiriniidae,Tripyloididae,Enchilidiidae,Trifusiidae,Desmocolecidae,Diplopeltidae,Monoposthiidae,Desmodoridae,Linhomoeidae,Leptolaimidae,Monhysteridae,Leptosomatidae,Peresianidae,Lauratonematidae,Agialoalaimidae,Tubulaimoididae;;North America,West-Indies,Guadeloupe;Nematoda;yes;yes;wos:a1994qj48400005
Sören;;;;Europe,Norway,Spitsbergen;phyla or class level ID;yes;yes;wos:a1995qd26800008
Jan;;;;Asia,India,Balramgari;Only phylum and class level;yes;yes;wos:a1995rc44700002
Jan;Evadne,Calanus,Paracalanus,Pseudocalanus,Microcalanus,Centropages,Acartia,Harpacticus,Dactylopodia,Coryaeus,Oithona,Calliopius,Hyale,Hyperiidae,Mytilus,Aetidius,Procellidium,Zaus,Tisbe,Laophonte,Mesochra,Paradactylopodia,Parathalestris,Idotea,Ischyroceridae,;;;America,USA,Washington,San Juan Archipelago;/;yes;yes;wos:a1995rq34100003
Jan;Halechiniscus,Anisonyches,Styraconyx,Chromaspirinia,Croconema,Episolonema,Bathyeurystomina,Bathylaimus,Rhabditis,Eurystomina,Campylaimus,Halalaimus,Oxystomina,Wieseria,Meyersia,Oncholaimus,Metoncholaimus,Viscosia,Syringolaimus,Platycoma,Trissonchulus,Anoplostoma,Enoplolaimus,Enoploides,Diplopeltula,Desmoscolex,Metadesmolaimus,Linhomoeus,Megadesmolaimus,Terschellingia,Theristus,Steineria,Monhystera,Diplolaimella,Desmolorenzenia,Tricoma,Metepsilonema,Haliplectus,Camacolaimus,Leptolaimus,Stephanolaimus,Dracograllus,Molgolaimus,Calomicrolaimus,Microlaimus,Paradraconema,Metachromadora,Angursa,Gammanema,Longicyatholaimus,Marylynnia,Paracyatholaimus,Raiarctus,Nerillidium,Ethmolaimus,Protodrilus,Macrodasys,Actinonema,Atrochromadora,Urodasys,Chromadorina,Chromadorita,Endeolophos,Parapinnanema,Spilophorella;;;Oceania,French Polynesia,Moorea;Mostly Nematoda;yes;yes;wos:a1995rq86400011
Jan;Orzeliscus,Opydorscus,Halechiniscus,Chrysoarctus,Clavarctus,Euclavarctus,Exoclavarctus,Proclavarctus,Styraconyx,Rhomboarctus,Angursa,Tholoarctus,Raiarctus,Bathyechiniscus,Pleocola,Tetrakentron,Lepoarctus,Pseudostygarctus,Oreella,Paratanarctus,Dipodarctus,Archechiniscus,;;;America,USA,Hawaiian islands;/;yes;yes;wos:a1995rt01500005
Jan;Dactylopodola,Cephalodasys,Dolichodasys,Lepidodasys,Mesodasys,Xenotrichula,Heteroxenotrichula,Draculiciteria,Heterolepidoderma,Halichaetonotus,Chaetonotus,Asipidiophorus,Acanthodasys,Pseudostomella,Tetranchyroderma,Paraturbanella,Turbanella,Neodasys,;;;North America,USA;;yes;yes;wos:a1995td87100004
Jan;Eurydice;;;Africa,South Africa,west coast;/;yes;yes;wos:a1996va72200005
Jan;Leptopontia;;;North America,atlantic mediterranean seaboard,Europe,Scotland,British Isles;/;yes;yes;wos:a1996vu49500001
Sören;;;;;Marine Pollution;yes;yes;wos:a1996wc93000018
Jan;Histiostoma,Halolaelaps,Bakerdania,Talorchestia,Phaulodinychus;;;Europe,South Wales coast;/;yes;yes;wos:a1997yc96300007